,Codigo_Aviso,Valor_CLP
0,5592922,152000000.0
1,6031175,485622000.0
2,3995128,175000000.0
3,6503735,110000000.0
4,6600605,135000000.0
5,6598325,134895000.0
6,6720221,97000000.0
7,6071448,133000000.0
8,6638667,105000000.0
9,6033126,60000000.0
10,5676395,389989380.0
11,6712357,491335200.0
12,6715569,69828000.0
13,6176022,146797500.0
14,6722161,628452000.0
15,6028407,888720000.0
16,6176889,150000000.0
17,6724521,1428300000.0
18,5857769,560000000.0
19,3725140,949026000.0
20,6772634,160128300.0
21,6707447,856980000.0
22,6420408,332635200.0
23,6424273,110000000.0
24,6627452,70000000.0
25,5767202,593538000.0
26,5933236,130000000.0
27,6707771,228528000.0
28,6105617,349140000.0
29,6501607,78000000.0
30,4973735,220000000.0
31,5897163,184092000.0
32,6620249,75000000.0
33,6426325,222180000.0
34,6328970,342792000.0
35,6440629,372945000.0
36,6797712,130000000.0
37,5260810,374214600.0
38,5813458,539580000.0
39,3507346,1206120000.0
40,3988745,314226000.0
41,5899618,593538000.0
42,6425368,85000000.0
43,6702919,790326000.0
44,6797686,103000000.0
45,5900349,150000000.0
46,6426517,155000000.0
47,5803436,199962000.0
48,5311878,245000000.0
49,6459064,1034724000.0
50,6689153,50784000.0
51,6604189,92046000.0
52,6512394,58000000.0
53,6456667,110000000.0
54,6728941,260268000.0
55,6400375,571320000.0
56,6452882,114264000.0
57,6618228,120000000.0
58,6838017,730020000.0
59,5902147,71000000.0
60,6797635,5800.0
61,6819664,63000000.0
62,6729279,1028058600.0
63,6623708,290000000.0
64,5842377,217419000.0
65,6614821,148000000.0
66,4084549,145000000.0
67,6710587,71999990.0
68,6719259,75000000.0
69,6600519,105821160.0
70,6509667,80000000.0
71,5559749,138000000.0
72,5634813,460230000.0
73,6351981,301053900.0
74,5907606,84000000.0
75,6715597,152669400.0
76,6719449,409128600.0
77,5825990,88872000.0
78,6618230,50000000.0
79,5714295,539357820.0
80,5811333,250000000.0
81,4911290,120000000.0
82,6415539,290421000.0
83,6256754,1063290000.0
84,6797559,220000000.0
85,6518105,99000000.0
86,2672835,135000000.0
87,5973194,640000000.0
88,6607821,130000000.0
89,6265360,333270000.0
90,6828968,130134000.0
91,6599873,940000000.0
92,5896803,1079160000.0
93,6071840,260236260.0
94,5484965,253602600.0
95,6028173,70000000.0
96,6515754,182505000.0
97,6398346,314226000.0
98,6797785,170000000.0
99,6519248,533232000.0
100,4702081,566241600.0
101,4573014,89000000.0
102,6426499,300000000.0
103,6361260,1009332000.0
104,6594454,185000000.0
105,6285221,82000000.0
106,6790090,140000000.0
107,5896871,212658000.0
108,6713736,87000000.0
109,6819119,99981000.0
110,6834560,98000000.0
111,6626102,75000000.0
112,6594013,76176000.0
113,6725201,165000000.0
114,6789949,138000000.0
115,6186893,942678000.0
116,6791067,150000000.0
117,5172676,365000000.0
118,6724223,193614000.0
119,6558073,155208600.0
120,6457718,175000000.0
121,6830894,140000000.0
122,6666775,146004000.0
123,6714362,70000000.0
124,6790850,150000000.0
125,6342739,320000000.0
126,6618683,315000000.0
127,6624576,165000000.0
128,5043539,67000000.0
129,5111303,67000000.0
130,6666772,146004000.0
131,5874058,125000000.0
132,6790560,145000000.0
133,5696675,117000000.0
134,6039397,120000000.0
135,6623397,150000000.0
136,4002547,888720000.0
137,6508640,240000000.0
138,3589486,83000000.0
139,6556782,476100000.0
140,6144441,745890000.0
141,6555370,285660000.0
142,6560088,77000000.0
143,5781571,80000000.0
144,4655401,440233800.0
145,6412876,453882000.0
146,6789118,60000000.0
147,3155120,491970000.0
148,6208548,85000000.0
149,5268551,155000000.0
150,6618780,58000000.0
151,6838250,250000000.0
152,4908368,444360000.0
153,6622934,179000000.0
154,6792918,95000000.0
155,6711466,57132000.0
156,6434223,100000000.0
157,6265338,412461300.0
158,6726667,460230000.0
159,6033099,77000000.0
160,6567304,153000000.0
161,3992546,780000000.0
162,6818900,145000000.0
163,6710614,153304200.0
164,6789800,115000000.0
165,6818929,270000000.0
166,5822312,75000000.0
167,3994285,634800000.0
168,5884120,52000000.0
169,5828023,129000000.0
170,6316675,3967500000000.0
171,6602122,117000000.0
172,6789666,90000000.0
173,6116973,70000000.0
174,6187345,904590000.0
175,6624110,89990000.0
176,6171409,82000000.0
177,6615595,856980000.0
178,6316543,350000000.0
179,6060921,533232000.0
180,5939442,253602600.0
181,6601436,150000000.0
182,6285209,99000000.0
183,6196944,98000000.0
184,6558925,203136000.0
185,6506152,121468980.0
186,6813236,138735540.0
187,6603798,349140000.0
188,4899344,205040400.0
189,5819366,714150000.0
190,4933138,222180000.0
191,6433887,466578000.0
192,6028952,140000000.0
193,6726763,469752000.0
194,5635327,87000000.0
195,6038886,290000000.0
196,5644628,85000000.0
197,6710624,110201280.0
198,5382474,234558600.0
199,6426537,491652600.0
200,6215542,128000000.0
201,6720286,140000000.0
202,3776733,139000000.0
203,6603859,307560600.0
204,6519938,85000000.0
205,6701030,155526000.0
206,5827842,299000000.0
207,6275409,380880000.0
208,6472606,125000000.0
209,6351678,618930000.0
210,6413962,333270000.0
211,6500983,480000000.0
212,6615140,100000000.0
213,6360607,228528000.0
214,6088760,78000000.0
215,6382632,380880000.0
216,6188570,85000000.0
217,6615188,161874000.0
218,6733893,55000000.0
219,6599867,802000000.0
220,6356091,825240000.0
221,5584774,130000000.0
222,6347291,904590000.0
223,6277615,710658600.0
224,6505448,165000000.0
225,6722349,157430400.0
226,6112257,170000000.0
227,6712473,293595000.0
228,4708360,698280000.0
229,5853741,72990000.0
230,6447872,983940000.0
231,5563803,101568000.0
232,6505395,355000000.0
233,6508726,558624000.0
234,5940868,399606600.0
235,6465462,185000000.0
236,6113389,178000000.0
237,5718460,234990000.0
238,6356312,245985000.0
239,6430469,412620000.0
240,6504587,290421000.0
241,6513258,98500000.0
242,6024178,193614000.0
243,6603872,368184000.0
244,6825129,180981480.0
245,6818808,12000.0
246,5237736,157000000.0
247,5343678,441186000.0
248,6118072,159000000.0
249,6789219,200000000.0
250,6810221,81032220.0
251,5808249,250000000.0
252,6610733,112700000.0
253,6023575,109900000.0
254,5628611,418968000.0
255,6367823,920460000.0
256,4690509,400000000.0
257,5646284,750000000.0
258,4838677,126642600.0
259,6601205,44999990.0
260,6609680,364692600.0
261,6022837,82000000.0
262,5334587,220000000.0
263,5715362,220676159.0
264,6181250,196788000.0
265,5973260,640000000.0
266,6547282,118000000.0
267,6111575,436425000.0
268,6719759,300000000.0
269,6818705,174000000.0
270,6513081,262000000.0
271,6621195,123786000.0
272,5054707,107916000.0
273,5771611,65000000.0
274,6547305,78000000.0
275,6180456,100000000.0
276,6825033,80000000.0
277,6065310,533232000.0
278,6721590,75000000.0
279,6007807,876182700.0
280,6491350,150000000.0
281,6726246,476100000.0
282,5058701,102000000.0
283,5965354,169396380.0
284,6693781,658605000.0
285,5598978,558624000.0
286,4966489,120000000.0
287,4823949,1460040000.0
288,6474890,480000000.0
289,5701773,232749420.0
290,5211953,135000000.0
291,6608339,507840000.0
292,5445523,384054000.0
293,4788551,235000000.0
294,6618098,777630000.0
295,6509682,194522000.0
296,6467158,90000000.0
297,6581931,316130400.0
298,5462112,45000000.0
299,6604311,55000000.0
300,2935623,196000000.0
301,6707786,589000000.0
302,5177408,476100000.0
303,6626000,170000000.0
304,6457438,139600000.0
305,3417405,333270000.0
306,6661689,872850000.0
307,6604888,249000000.0
308,6824857,63480000.0
309,6359377,158382600.0
310,3676082,793500000.0
311,6514336,180000000.0
312,5890400,89000000.0
313,6511151,280000000.0
314,5400145,65000000.0
315,5115641,421031100.0
316,6182274,190440000.0
317,6332316,293595000.0
318,6024612,138005520.0
319,6731516,160000000.0
320,6144160,142830000.0
321,6615017,75668160.0
322,6682584,1079160000.0
323,6453979,533232000.0
324,6719095,825240000.0
325,5952940,80000000.0
326,5614315,400000000.0
327,6632126,136482000.0
328,6004808,480000000.0
329,6776151,85000000.0
330,6775181,68000000.0
331,6700709,491970000.0
332,6717594,250000000.0
333,6061089,198375000.0
334,6722295,170000000.0
335,6433906,336444000.0
336,6457464,428490000.0
337,6616214,278994600.0
338,2988676,476100000.0
339,5736052,507840000.0
340,6824390,145000000.0
341,6700582,299784300.0
342,6720349,396718260.0
343,6433986,106000000.0
344,6457047,125000000.0
345,6509674,58000000.0
346,2577059,96807000.0
347,3109583,300000000.0
348,6712934,95918280.0
349,5891319,94902600.0
350,6834457,300000000.0
351,6514704,300000000.0
352,6128942,140000000.0
353,6506227,260000000.0
354,3154705,264330720.0
355,5636677,88000000.0
356,4958510,476100000.0
357,4929761,124769940.0
358,6722305,150000000.0
359,5580645,768108000.0
360,5389917,85000000.0
361,6027751,55000000.0
362,6018836,140000000.0
363,3556511,504666000.0
364,6701000,593538000.0
365,6834313,88872000.0
366,5331266,507840000.0
367,5363152,761760000.0
368,3020458,470000000.0
369,6512748,165000000.0
370,6651223,107000000.0
371,6701125,377706000.0
372,6528195,411033000.0
373,6834307,75000000.0
374,3429503,158700000.0
375,4966205,174570000.0
376,6399419,70000000.0
377,6724093,215197200.0
378,6789480,89900000.0
379,4942750,85000000.0
380,5624618,1174380000.0
381,6834201,282486000.0
382,6351660,676062000.0
383,5992878,115000000.0
384,6397192,148000000.0
385,6729778,115000000.0
386,6787370,110000000.0
387,6557739,533232000.0
388,6511735,533232000.0
389,6834179,162000000.0
390,6045378,390402000.0
391,5862222,280000000.0
392,6626542,200000000.0
393,6191776,920460000.0
394,6403421,45000000.0
395,6711435,474513000.0
396,6429157,237732600.0
397,6089925,233289000.0
398,6279606,269790000.0
399,6356478,95000000.0
400,6112461,140000000.0
401,6729096,257601840.0
402,6182182,130134000.0
403,6489958,533232000.0
404,6710570,74999990.0
405,6616419,484035000.0
406,6265980,88000000.0
407,5964993,365232180.0
408,6496874,62000000.0
409,6350164,174570000.0
410,6302658,140000000.0
411,5037346,347553000.0
412,4720439,366597000.0
413,6833795,160000000.0
414,5965444,82524000.0
415,6410752,75000000.0
416,2850318,295000000.0
417,3949389,536406000.0
418,6355368,135000000.0
419,6501379,584016000.0
420,6700805,130000000.0
421,6833589,60000000.0
422,5326917,1333080000.0
423,6399894,68500000.0
424,3020452,507840000.0
425,5433120,523710000.0
426,5471130,145000000.0
427,5036388,175000000.0
428,6701175,98000000.0
429,6423076,82000000.0
430,6626015,135000000.0
431,5940836,102000000.0
432,6717456,130000000.0
433,6127205,1444170000.0
434,6560112,730020000.0
435,6820532,78000000.0
436,5423078,153939000.0
437,5027375,170000000.0
438,6510558,158000000.0
439,6000091,90000000.0
440,4681192,434838000.0
441,6512775,82000000.0
442,6554667,395000000.0
443,6117158,80000000.0
444,6514935,136482000.0
445,6511088,215000000.0
446,6621326,155000000.0
447,6023915,175000000.0
448,6117191,428490000.0
449,5650077,160000000.0
450,6389658,59000000.0
451,6190313,1453692000.0
452,6178411,132000000.0
453,2897721,951882600.0
454,5079959,530000000.0
455,6329287,60400000.0
456,6115359,285342600.0
457,6511574,424998600.0
458,6779439,180000000.0
459,5657022,539580000.0
460,5100069,368184000.0
461,5078236,108000000.0
462,6624682,40000000.0
463,2272898,470000000.0
464,6655859,140354280.0
465,6288834,70000000.0
466,6443381,103000000.0
467,6702994,888720000.0
468,5039289,210000000.0
469,6832658,85000000.0
470,4073186,105000000.0
471,3360380,212658000.0
472,5434061,412620000.0
473,6725445,130134000.0
474,6116118,214245000.0
475,1801206,1047420000.0
476,6462068,132038400.0
477,5866235,240000000.0
478,5836233,231384600.0
479,5760004,74000000.0
480,5810959,486000000.0
481,6728798,70000000.0
482,6775471,138000000.0
483,6503566,348822600.0
484,5662217,78000000.0
485,6832632,45000000.0
486,6726989,793500000.0
487,6291665,88872000.0
488,6500313,317082600.0
489,5569214,250000000.0
490,6775305,138000000.0
491,6820396,174570000.0
492,6037604,72000000.0
493,6832322,482448000.0
494,6728810,50000000.0
495,6343322,220593000.0
496,6724713,387228000.0
497,6775234,65000000.0
498,6251270,132000000.0
499,5694787,336444000.0
500,4826573,108000000.0
501,5918832,70000000.0
502,6729667,539580000.0
503,6353492,553863000.0
504,6512977,180000000.0
505,6775203,50000000.0
506,6251239,155000000.0
507,6600928,169900000.0
508,5322482,90000000.0
509,6831830,49514400.0
510,6836377,79603920.0
511,6508809,250000000.0
512,5901411,270000000.0
513,5125446,55000000.0
514,5957648,78000000.0
515,6079747,115000000.0
516,6602494,365010000.0
517,6831808,145000000.0
518,6836370,125182560.0
519,4899544,175000000.0
520,5881376,1047420000.0
521,6393175,155526000.0
522,4643030,135000000.0
523,6185878,185679000.0
524,4771520,563385000.0
525,6831789,144417000.0
526,6836361,160223520.0
527,6365845,80000000.0
528,6834867,100000000.0
529,6641660,215832000.0
530,5992530,38000000.0
531,6101246,491970000.0
532,6060545,809370000.0
533,6831758,52000000.0
534,5952648,1520346000.0
535,1007205,475000000.0
536,5713401,225000000.0
537,6753942,272646600.0
538,6106727,139656000.0
539,5821265,440836860.0
540,5821248,687171000.0
541,6560078,55000000.0
542,5862268,128000000.0
543,6360871,609408000.0
544,6202179,196470600.0
545,6133981,399924000.0
546,6106699,296769000.0
547,6596471,444360000.0
548,5874028,171396000.0
549,6831687,70000000.0
550,5733182,68000000.0
551,6028680,277725000.0
552,6727475,95000000.0
553,6211465,220000000.0
554,6100906,110000000.0
555,6351880,255126120.0
556,5084617,350000000.0
557,5644393,888720000.0
558,5718437,184000000.0
559,6026250,428490000.0
560,5895241,450708000.0
561,5877070,60000000.0
562,3140283,680823000.0
563,6151107,533232000.0
564,6019825,618930000.0
565,6426276,730020000.0
566,6181535,125000000.0
567,5967559,631626000.0
568,6726287,253920000.0
569,5957735,80000000.0
570,5928498,231702000.0
571,6187408,523710000.0
572,6606001,140000000.0
573,5434234,253920000.0
574,6367307,793500000.0
575,5607389,105000000.0
576,6724605,269790000.0
577,6029530,92000000.0
578,5928432,244398000.0
579,6397272,140000000.0
580,6169105,53000000.0
581,5425813,730020000.0
582,4777324,180000000.0
583,6429133,269790000.0
584,5911952,1139466000.0
585,6112557,45000000.0
586,5248699,79990000.0
587,6712912,70000000.0
588,6812804,159000000.0
589,5900364,730020000.0
590,6507231,307878000.0
591,6714374,128000000.0
592,6122897,180000000.0
593,6640049,169000000.0
594,5226213,269790000.0
595,4659530,350000000.0
596,6601030,386339280.0
597,6585910,190122600.0
598,6835878,122199000.0
599,5758532,726846000.0
600,6727250,130451400.0
601,4870914,314226000.0
602,4985038,110000000.0
603,6753118,70000000.0
604,6454023,533232000.0
605,5432840,432997080.0
606,6190283,377706000.0
607,5021067,888720000.0
608,2470109,507840000.0
609,6739305,170000000.0
610,6841202,59000000.0
611,6703504,856980000.0
612,6598693,120000000.0
613,4594432,326922000.0
614,6835794,348000000.0
615,5495054,190000000.0
616,6404302,48000000.0
617,5395066,195000000.0
618,6840682,2800000.0
619,6523751,247572000.0
620,6603773,267885600.0
621,5791525,566241600.0
622,6835764,128324820.0
623,6030630,76000000.0
624,5822666,629900000.0
625,6551857,258046200.0
626,6509817,190000000.0
627,5607090,140000000.0
628,6703112,409446000.0
629,5901741,80000000.0
630,6432828,75000000.0
631,5552618,688758000.0
632,6617376,307084500.0
633,6619743,1555260000.0
634,6840370,154891200.0
635,5827850,285000000.0
636,6597204,228528000.0
637,6610383,190440000.0
638,4782673,130000000.0
639,5944116,85000000.0
640,5696638,105000000.0
641,6734573,40000000.0
642,6840352,360249000.0
643,4026704,140000000.0
644,6710814,126960000.0
645,4650727,945852000.0
646,6398362,390000000.0
647,6712966,317400000.0
648,5650043,250000000.0
649,6211455,140000000.0
650,6840105,1110900000.0
651,5100174,225195300.0
652,6604296,450000000.0
653,5284704,161874000.0
654,6835608,92014260.0
655,5765503,68000000.0
656,6727333,95000000.0
657,6188791,195000000.0
658,5639762,169000000.0
659,6555313,60623400.0
660,6065270,266616000.0
661,5006901,178000000.0
662,6835588,206310000.0
663,6713379,377706000.0
664,6509406,138220000.0
665,6138806,220000000.0
666,6731976,174000000.0
667,5044797,566241600.0
668,6022422,269790000.0
669,6040270,120000000.0
670,6835447,55000000.0
671,6503447,514188000.0
672,6492896,138069000.0
673,6015135,98076600.0
674,3941546,400000000.0
675,6713064,220000000.0
676,6701144,130000000.0
677,6831051,126960000.0
678,6122869,80000000.0
679,3890661,139500000.0
680,6122708,396750000.0
681,5471395,90000000.0
682,5910747,390370260.0
683,6007133,4443600000.0
684,6566327,424998600.0
685,5270436,618612600.0
686,6720150,555450000.0
687,5310230,355488000.0
688,6512255,696693000.0
689,5580477,132000000.0
690,6625138,2380500000.0
691,6132849,225000000.0
692,6704882,160000000.0
693,5429582,822066000.0
694,6560053,120000000.0
695,6420728,105000000.0
696,6191879,539580000.0
697,5772872,98000000.0
698,6626084,75000000.0
699,6708451,206310000.0
700,6711414,170000000.0
701,5892952,95000000.0
702,6040293,160000000.0
703,6529581,130000000.0
704,6450010,949026000.0
705,6723321,125000000.0
706,6628845,1587000000.0
707,6603879,545610600.0
708,6249424,533232000.0
709,6830784,163461000.0
710,6404295,69500000.0
711,6343462,666540000.0
712,6511175,130000000.0
713,6723041,257094000.0
714,6621223,68241000.0
715,6122745,764934000.0
716,5557393,219006000.0
717,6830738,230000000.0
718,4821213,438012000.0
719,6204827,569733000.0
720,3945167,504666000.0
721,6712331,222180000.0
722,6533029,409446000.0
723,6599700,200000000.0
724,6701250,365010000.0
725,6830722,110000000.0
726,6263043,190154340.0
727,6556684,48000000.0
728,6351630,333270000.0
729,6336980,80000000.0
730,6513037,100000000.0
731,6599726,200000000.0
732,5376309,650670000.0
733,6830458,760173000.0
734,6725343,170761200.0
735,6032970,180000000.0
736,6615156,51000000.0
737,6337217,195000000.0
738,6624825,396750000.0
739,6610002,533232000.0
740,2968947,663172386.0
741,6830354,95000000.0
742,5881334,1428300000.0
743,6823976,406272000.0
744,6353217,300000000.0
745,6474495,115000000.0
746,5896126,476100000.0
747,5723212,75000000.0
748,5100336,301530000.0
749,6830328,160001340.0
750,5660697,290000000.0
751,6717994,285660000.0
752,6353235,107503380.0
753,5968574,133308000.0
754,5637323,83000000.0
755,6601028,160000000.0
756,5357640,758586000.0
757,5079793,174000000.0
758,5832143,587190000.0
759,6823826,160000000.0
760,6722228,76176000.0
761,6700046,175363500.0
762,6731816,260000000.0
763,6194829,120000000.0
764,6700872,1079160000.0
765,5866265,125000000.0
766,6509716,61500000.0
767,5662847,145000000.0
768,6617958,172500000.0
769,6709587,57000000.0
770,6509551,253000000.0
771,1933271,793500000.0
772,6604325,130000000.0
773,6830064,460230000.0
774,6508027,174570000.0
775,6823722,140000000.0
776,5738773,345966000.0
777,6059114,293595000.0
778,6839656,135000000.0
779,6499035,96172200.0
780,5823603,120000000.0
781,6829957,104742000.0
782,5828014,180000000.0
783,6713354,449121000.0
784,6724900,257601840.0
785,5846290,277725000.0
786,6088684,63000000.0
787,5627077,507840000.0
788,5916768,83000000.0
789,4889343,388815000.0
790,6729269,104742000.0
791,6704681,305000000.0
792,6351510,688758000.0
793,5680194,215197200.0
794,6414550,507840000.0
795,6818388,399924000.0
796,6514395,104710260.0
797,6829448,70018440.0
798,6724347,169935960.0
799,6823473,80000000.0
800,6729013,85000000.0
801,5656304,272646600.0
802,6625426,220000000.0
803,6419749,135000000.0
804,6604302,135000000.0
805,6551900,4780.0
806,6361413,755412000.0
807,6823379,72000000.0
808,5681596,135000000.0
809,6466836,128000000.0
810,6621239,150288900.0
811,6818301,62000000.0
812,6183052,253602600.0
813,6829268,185361600.0
814,6506352,75922080.0
815,6823240,87221520.0
816,6511188,402751993.0
817,6699527,314226000.0
818,6433914,460388700.0
819,6818267,169900000.0
820,3728591,1424808600.0
821,6828498,119342400.0
822,6282944,53000000.0
823,6823215,221862600.0
824,5714091,618930000.0
825,6661069,23900.0
826,6732018,180000000.0
827,6818237,83540315.0
828,6704958,809370000.0
829,6828445,65067000.0
830,6557679,730020000.0
831,6823038,238050000.0
832,5812872,428490000.0
833,6672251,87000000.0
834,6346862,666540000.0
835,6818208,160092751.0
836,6597966,260000000.0
837,6717167,90000000.0
838,6351961,347553000.0
839,6822914,147000000.0
840,6722531,415794000.0
841,6399440,98000000.0
842,6839400,185000000.0
843,6443882,409446000.0
844,6604773,120000000.0
845,6827947,105000000.0
846,5637341,200000000.0
847,6033397,714150000.0
848,6009959,85000000.0
849,6111339,70000000.0
850,6131096,325000000.0
851,6818137,290000000.0
852,6820048,82936620.0
853,5866256,125000000.0
854,6725465,205000000.0
855,6822742,409446000.0
856,6426487,95000000.0
857,6000528,47000000.0
858,6731133,65000000.0
859,5643279,533232000.0
860,6343435,602742600.0
861,6827777,85000000.0
862,6726447,93093420.0
863,6822508,85000000.0
864,6560100,160000000.0
865,6692437,444360000.0
866,5571227,122000000.0
867,5857453,150000000.0
868,4212191,55000000.0
869,6827742,85000000.0
870,4880189,112000000.0
871,5839693,60000000.0
872,5838009,140000000.0
873,6692129,729702600.0
874,6624511,460388700.0
875,1367271,507840000.0
876,5698655,199962000.0
877,6827718,618930000.0
878,6095591,755412000.0
879,6712942,206310000.0
880,6263547,130000000.0
881,6685274,163238820.0
882,6732039,205000000.0
883,6022822,70000000.0
884,5890728,136900000.0
885,6433832,230000000.0
886,6148601,230000000.0
887,6326454,58000000.0
888,6429425,396750000.0
889,5945725,131721000.0
890,6621304,100615800.0
891,6704634,67000000.0
892,6691950,185000000.0
893,6827291,123786000.0
894,5952713,1253730000.0
895,6689290,155000000.0
896,5650060,150000000.0
897,6683143,71500000.0
898,5269300,1528154040.0
899,5094238,897575460.0
900,4899255,98000000.0
901,5633758,106000000.0
902,6183086,107947740.0
903,5497553,58000000.0
904,5716956,625278000.0
905,6054321,476100000.0
906,6353200,175000000.0
907,6817828,150000000.0
908,5571796,533232000.0
909,6065391,92998200.0
910,6720352,309465000.0
911,6821620,140000000.0
912,6358662,825240000.0
913,5058991,206310000.0
914,6513096,138000000.0
915,6817726,90000000.0
916,6710593,140259060.0
917,4812683,127594800.0
918,6060855,135000000.0
919,6821528,87285000.0
920,6122872,134069760.0
921,5449794,98000000.0
922,6731362,156880000.0
923,6817627,549102000.0
924,6710542,290547960.0
925,6826391,523392600.0
926,5321651,130000000.0
927,6707500,1587000000.0
928,6265986,65000000.0
929,6682214,180000000.0
930,6145024,90000000.0
931,6817618,230000000.0
932,5694818,396750000.0
933,6609989,371358000.0
934,6120968,603060000.0
935,6821507,260000000.0
936,3383953,536088600.0
937,5935088,73000000.0
938,6120316,210000000.0
939,6817549,185000000.0
940,6228948,121564200.0
941,6826372,758586000.0
942,6505987,420872400.0
943,6400624,115000000.0
944,6511118,310000000.0
945,6415207,113000000.0
946,5713125,545928000.0
947,6708633,199962000.0
948,3506340,265000000.0
949,6826354,311052000.0
950,5951705,165000000.0
951,6821479,707802000.0
952,6350721,128000000.0
953,6463109,67000000.0
954,6838872,80000000.0
955,6817242,309465000.0
956,6037354,349140000.0
957,5854809,726846000.0
958,6789937,135000000.0
959,6821433,647496000.0
960,6728919,221862600.0
961,6672104,118000000.0
962,6372367,1425126000.0
963,6817236,100000000.0
964,6074953,231000000.0
965,6826166,220000000.0
966,5859251,1333080000.0
967,6821328,135000000.0
968,6511215,136000000.0
969,6674252,95220000.0
970,6732255,2500965996.0
971,6817145,200000.0
972,6327159,533232000.0
973,6826156,78000000.0
974,6511096,342019776.0
975,6821285,920460000.0
976,6509705,120000000.0
977,5074842,135000000.0
978,6621459,301530000.0
979,6816945,850632000.0
980,5627119,628452000.0
981,6826128,349140000.0
982,6511413,75000000.0
983,4903783,428490000.0
984,4958532,536406000.0
985,6667405,1745382600.0
986,5969102,491970000.0
987,6816818,396750000.0
988,5365199,82000000.0
989,6826086,180000000.0
990,6187017,895068000.0
991,5931674,295000000.0
992,6722215,634800000.0
993,6175452,155000000.0
994,5757261,250000000.0
995,6701058,130000000.0
996,6711539,120612000.0
997,6826068,500857200.0
998,6618158,320000000.0
999,6820964,148162320.0
1000,6721604,200000000.0
1001,5904552,260966280.0
1002,6837115,460230000.0
1003,5588296,425316000.0
1004,5623720,745890000.0
1005,6826021,95000000.0
1006,5918844,85000000.0
1007,6624848,247572000.0
1008,6617802,89990000.0
1009,5904569,188853000.0
1010,5709140,125373000.0
1011,6816710,90141600.0
1012,6704949,102393240.0
1013,6825934,250000000.0
1014,2362615,856980000.0
1015,6820832,140925600.0
1016,6615308,301530000.0
1017,5863650,97000000.0
1018,6466007,130000000.0
1019,6493302,150000000.0
1020,6077151,779947020.0
1021,6426529,85698000.0
1022,5437093,234876000.0
1023,6820819,141900000.0
1024,4753713,140000000.0
1025,5585730,155526000.0
1026,6629148,135000000.0
1027,6555392,301530000.0
1028,6656398,120000000.0
1029,6825892,1206120000.0
1030,6118635,58000000.0
1031,2924764,232500000.0
1032,5952738,1142322600.0
1033,6274393,240000000.0
1034,6362337,74000000.0
1035,6708425,79350000.0
1036,5614362,793500000.0
1037,6825790,412302600.0
1038,5930491,158700000.0
1039,5881846,150000000.0
1040,5314719,326922000.0
1041,6697977,50000000.0
1042,5819293,666540000.0
1043,5280817,796674000.0
1044,6256376,133085820.0
1045,6079585,190440000.0
1046,5954786,347553000.0
1047,6681809,260603492.0
1048,6816422,2697900000.0
1049,6416840,507840000.0
1050,6288633,777630000.0
1051,6397849,396750000.0
1052,6466848,250000000.0
1053,6793133,180000000.0
1054,6666217,1047420000.0
1055,6083949,117438000.0
1056,6816371,234876000.0
1057,5998727,103155000.0
1058,3578151,110000000.0
1059,5168945,585603000.0
1060,5222007,698280000.0
1061,3794740,330096000.0
1062,6097439,822066000.0
1063,6680360,631626000.0
1064,6065246,225354000.0
1065,3952452,60000000.0
1066,6112393,120000000.0
1067,6340008,1555260000.0
1068,6328334,110000000.0
1069,6792901,195000000.0
1070,6250380,85000000.0
1071,5612421,199990000.0
1072,4052264,50000000.0
1073,5973458,65000000.0
1074,6288550,634800000.0
1075,6342811,73000000.0
1076,6800303,76000000.0
1077,6792879,145000000.0
1078,6401233,1313845560.0
1079,6570634,250000000.0
1080,6696943,657018000.0
1081,5514220,149178000.0
1082,6397312,155970360.0
1083,6602132,101568000.0
1084,6691143,476100000.0
1085,3124689,344537700.0
1086,3391200,2063100000.0
1087,6085174,165000000.0
1088,6815903,68000000.0
1089,5309467,140000000.0
1090,5832287,444360000.0
1091,6310943,491970000.0
1092,5815497,1364502600.0
1093,6792857,263442000.0
1094,6401353,1321621860.0
1095,6123332,160000000.0
1096,5100235,428490000.0
1097,5809572,647496000.0
1098,6099377,350000000.0
1099,6696305,193614000.0
1100,6407854,301530000.0
1101,6100059,539580000.0
1102,6325062,199000000.0
1103,5985173,888720000.0
1104,3138823,250746000.0
1105,3470325,1967880000.0
1106,6180507,650670000.0
1107,6693828,77000000.0
1108,6169591,35000000.0
1109,6792520,79350000.0
1110,6574671,82524000.0
1111,6563658,130000000.0
1112,6703462,428490000.0
1113,5305815,95000000.0
1114,1796413,304386600.0
1115,6696600,793500000.0
1116,5064173,350000000.0
1117,6791790,95000000.0
1118,6544124,349140000.0
1119,6401257,1313845560.0
1120,6477004,177585300.0
1121,6599864,240000000.0
1122,4881365,181552800.0
1123,6066241,964896000.0
1124,6343400,1063290000.0
1125,5427067,110000000.0
1126,5944802,52371000.0
1127,6561014,175000000.0
1128,6706785,347553000.0
1129,5180209,545928000.0
1130,5507019,336444000.0
1131,5474223,180000000.0
1132,6250355,135000000.0
1133,6400877,230000000.0
1134,5460491,180000000.0
1135,6099566,761760000.0
1136,6712367,856980000.0
1137,5633688,50000000.0
1138,6339943,698280000.0
1139,6598438,758586000.0
1140,6248549,253285200.0
1141,6792151,615756000.0
1142,6405290,300000000.0
1143,6581951,104424600.0
1144,6815433,634800000.0
1145,4949728,135000000.0
1146,3320279,420000000.0
1147,6696285,476100000.0
1148,6716905,285660000.0
1149,6792085,1583826000.0
1150,6167000,88872000.0
1151,6276589,433092300.0
1152,6815369,260000000.0
1153,6384336,631626000.0
1154,4782427,825240000.0
1155,5276542,130000000.0
1156,3477753,476671320.0
1157,5442433,168000000.0
1158,5087311,210118800.0
1159,6475055,1063290000.0
1160,6362643,872850000.0
1161,4810295,107281200.0
1162,6358557,564972000.0
1163,4900631,628452000.0
1164,6098347,333270000.0
1165,6791760,4600.0
1166,5751088,190440000.0
1167,5955344,450000000.0
1168,5160022,917286000.0
1169,5910529,498318000.0
1170,5402589,155000000.0
1171,2909178,150000000.0
1172,6492108,70000000.0
1173,6095681,730020000.0
1174,5954532,523710000.0
1175,6086965,335000000.0
1176,6815125,105000000.0
1177,6261392,539580000.0
1178,6341861,125000000.0
1179,5620460,127594800.0
1180,6422419,777630000.0
1181,6791829,444360000.0
1182,3373528,441186000.0
1183,6405365,100000000.0
1184,6814999,347553000.0
1185,5756767,86000000.0
1186,6057412,202342500.0
1187,6088491,945852000.0
1188,4949597,491970000.0
1189,6583743,101568000.0
1190,4615748,872850000.0
1191,5358547,507840000.0
1192,6814964,295182000.0
1193,6604233,125000000.0
1194,4902133,85000000.0
1195,5047069,180000000.0
1196,4073176,75000000.0
1197,6791345,187234260.0
1198,5460405,520536000.0
1199,6313800,384054000.0
1200,3693744,90000000.0
1201,6693792,103155000.0
1202,5094346,460230000.0
1203,5099946,618930000.0
1204,6179575,476100000.0
1205,6791243,882372000.0
1206,3014899,476100000.0
1207,6449717,650670000.0
1208,6590129,89000000.0
1209,5555350,438012000.0
1210,6809951,145000000.0
1211,6008474,793500000.0
1212,6692053,183000000.0
1213,5288022,70000000.0
1214,6405300,55000000.0
1215,6079901,339000000.0
1216,6814856,220000000.0
1217,5808276,231702000.0
1218,6058412,140000000.0
1219,5055154,87000000.0
1220,5111283,180000000.0
1221,6791169,242588820.0
1222,6788038,80937000.0
1223,5808558,517362000.0
1224,5099856,1904400000.0
1225,6180755,1137879000.0
1226,5623777,320000000.0
1227,5514287,42690300.0
1228,6098458,412302600.0
1229,6791073,205992600.0
1230,6788026,74620740.0
1231,6384461,95000000.0
1232,6814750,95918280.0
1233,6374624,88500000.0
1234,5143044,412620000.0
1235,6693844,100044480.0
1236,6690034,551768160.0
1237,6409191,158382600.0
1238,6788008,593538000.0
1239,6122818,80000000.0
1240,6814463,793500000.0
1241,6160974,62000000.0
1242,5841122,133000000.0
1243,6335289,1031550000.0
1244,5954494,663366000.0
1245,6790749,400241400.0
1246,6788003,134196720.0
1247,4716347,80000000.0
1248,5566067,1174380000.0
1249,5623954,113000000.0
1250,6493850,122400000.0
1251,5687719,46023000.0
1252,3124641,222973500.0
1253,6588767,160287000.0
1254,6683664,38088000.0
1255,4722332,73000000.0
1256,6443895,476100000.0
1257,5020384,291182760.0
1258,6397839,1104552000.0
1259,6597228,269790000.0
1260,6335261,949026000.0
1261,5143907,250000000.0
1262,3502690,360000000.0
1263,5616757,87000000.0
1264,5938588,113946600.0
1265,4075191,35000000.0
1266,5072130,365010000.0
1267,6393664,365010000.0
1268,6692010,98394000.0
1269,6790315,420000000.0
1270,6579489,70000000.0
1271,4912632,1460040000.0
1272,3728578,913762860.0
1273,6604963,130000000.0
1274,5627313,460230000.0
1275,5640139,506253000.0
1276,5078316,190000000.0
1277,6405373,74500000.0
1278,6325069,140000000.0
1279,5671537,200000000.0
1280,5905328,345966000.0
1281,6593816,145000000.0
1282,6809840,185000000.0
1283,6261530,390000000.0
1284,6097310,822066000.0
1285,5528264,140000000.0
1286,5681081,174252600.0
1287,5391663,62000000.0
1288,4903883,160000000.0
1289,4903171,660192000.0
1290,5950233,85000000.0
1291,5159920,850632000.0
1292,3676096,1745700000.0
1293,6007669,1428300000.0
1294,6098784,1428300000.0
1295,6575281,507840000.0
1296,6814178,866502000.0
1297,5382479,65000000.0
1298,5309516,116485800.0
1299,5730527,86000000.0
1300,6691125,450708000.0
1301,6789890,571320000.0
1302,5622766,282486000.0
1303,6248757,145000000.0
1304,5477624,50000000.0
1305,5320899,63240000.0
1306,6814135,469752000.0
1307,6809160,206310000.0
1308,6493823,70000000.0
1309,5949689,150000000.0
1310,5883697,380000000.0
1311,6328710,822066000.0
1312,6341031,409255560.0
1313,5607742,190000000.0
1314,6028195,92000000.0
1315,6809140,295000000.0
1316,4711270,75000000.0
1317,6404551,133308000.0
1318,6085224,135000000.0
1319,6787954,60000000.0
1320,6088481,793182600.0
1321,5930578,396750000.0
1322,6814115,460230000.0
1323,6242029,399606600.0
1324,6410130,425316000.0
1325,6400899,230000000.0
1326,6469850,355488000.0
1327,5956857,491335200.0
1328,5528206,93000000.0
1329,5869531,514188000.0
1330,6814105,491335200.0
1331,4842547,171396000.0
1332,6685854,140608200.0
1333,6789782,115216200.0
1334,6580167,438012000.0
1335,5879564,64000000.0
1336,4999032,115057500.0
1337,6169497,149000000.0
1338,6814076,459912600.0
1339,6808930,420555000.0
1340,6411372,90000000.0
1341,5221478,174000000.0
1342,5548980,920460000.0
1343,5961846,317400000.0
1344,5833405,634800000.0
1345,5643080,726846000.0
1346,4895610,230591100.0
1347,6808897,60000000.0
1348,5741022,1745700000.0
1349,1213620,1411160400.0
1350,6252952,793500000.0
1351,2835948,650670000.0
1352,6600487,71732400.0
1353,2234783,587190000.0
1354,6814021,539580000.0
1355,6808744,43000000.0
1356,6332280,180000000.0
1357,6789738,155970360.0
1358,5143682,230000000.0
1359,5759784,339713220.0
1360,6079767,105000000.0
1361,6519721,431664000.0
1362,4862921,90000000.0
1363,6710699,75000000.0
1364,6691178,1269600000.0
1365,6493806,53000000.0
1366,6212958,73002000.0
1367,6438937,220000000.0
1368,6697986,130000000.0
1369,6694187,238050000.0
1370,5393660,396750000.0
1371,6808259,195962760.0
1372,3328074,507840000.0
1373,5969023,245000000.0
1374,5549188,371358000.0
1375,5695353,144000000.0
1376,4720535,250000000.0
1377,5829921,380000000.0
1378,6813938,180981480.0
1379,6808204,277725000.0
1380,6492241,73002000.0
1381,6254512,153939000.0
1382,6098488,523710000.0
1383,6555745,65000000.0
1384,6698029,350000000.0
1385,5212368,168222000.0
1386,3724984,1209294000.0
1387,5341530,135000000.0
1388,6250391,60000000.0
1389,6088173,545928000.0
1390,5143676,350000000.0
1391,5930711,200000000.0
1392,6373567,333270000.0
1393,5213230,70000000.0
1394,6175543,50000000.0
1395,6808122,211071000.0
1396,6689729,284866500.0
1397,6449687,100000000.0
1398,5883520,536406000.0
1399,5145360,425316000.0
1400,5486801,145000000.0
1401,6343413,1063290000.0
1402,6096776,1488606000.0
1403,6808027,83000000.0
1404,5111510,571320000.0
1405,6396927,88000000.0
1406,6401305,1313845560.0
1407,6097338,1333080000.0
1408,4700963,311052000.0
1409,6493738,180000000.0
1410,6813510,150130200.0
1411,6807990,67000000.0
1412,3170373,730020000.0
1413,5391665,82500000.0
1414,6312960,1983750000.0
1415,6170768,293912400.0
1416,6341882,83000000.0
1417,5648377,571320000.0
1418,6813496,77763000.0
1419,6807653,472608600.0
1420,6170454,76000000.0
1421,6357344,200000000.0
1422,3605420,139000000.0
1423,3409982,95000000.0
1424,5762932,2063100000.0
1425,6810648,59000000.0
1426,6335297,647178600.0
1427,6667117,152000000.0
1428,6104218,399606600.0
1429,6482705,920460000.0
1430,3436218,280000000.0
1431,6789588,159969600.0
1432,5868900,62940420.0
1433,5691429,809370000.0
1434,4864859,160000000.0
1435,6807522,85000000.0
1436,6173470,483876300.0
1437,6481773,309306300.0
1438,6096023,420000000.0
1439,6684516,555450000.0
1440,6261387,793500000.0
1441,6752867,85000000.0
1442,5829482,90000000.0
1443,4795400,120000000.0
1444,5143822,175000000.0
1445,6561858,47000000.0
1446,5143494,205040400.0
1447,3071295,355488000.0
1448,6334404,1110900000.0
1449,5305521,1428300000.0
1450,5099912,428490000.0
1451,3180412,290000000.0
1452,6799844,700470060.0
1453,6353178,122516400.0
1454,6085143,153939000.0
1455,6250424,160000000.0
1456,6514427,104710260.0
1457,6555536,392306400.0
1458,5935673,206310000.0
1459,6806840,110000000.0
1460,6799677,206310000.0
1461,6386927,650670000.0
1462,6490447,120000000.0
1463,6789546,293595000.0
1464,6088426,571320000.0
1465,5628435,148543200.0
1466,6812501,312639000.0
1467,5221886,88000000.0
1468,6799574,952200000.0
1469,6579718,679236000.0
1470,4983686,349140000.0
1471,6393673,1269600000.0
1472,6115337,364692600.0
1473,6110932,841110000.0
1474,6812408,885546000.0
1475,6806564,260268000.0
1476,6799518,171396000.0
1477,6574584,80000000.0
1478,6098652,78000000.0
1479,5814425,133688880.0
1480,6695533,952200000.0
1481,6810567,380000000.0
1482,6812400,314226000.0
1483,6806544,260268000.0
1484,6799449,155000000.0
1485,6250198,349140000.0
1486,5994749,176000000.0
1487,5868891,72367200.0
1488,5580753,434838000.0
1489,6104930,135000000.0
1490,6812320,406272000.0
1491,6806522,221862600.0
1492,6799431,85000000.0
1493,6482846,296769000.0
1494,6580113,120897660.0
1495,3506764,1126770000.0
1496,6340072,396750000.0
1497,6411242,386910600.0
1498,6696677,2954867040.0
1499,6806463,698280000.0
1500,6099903,825240000.0
1501,5543641,190000000.0
1502,6485300,155526000.0
1503,6714113,152034600.0
1504,2832214,425316000.0
1505,6695753,401511000.0
1506,6812258,599886000.0
1507,6806467,400749240.0
1508,6799327,68000000.0
1509,6477970,87000000.0
1510,4927289,438012000.0
1511,5949701,148860600.0
1512,5133478,841110000.0
1513,4574710,184092000.0
1514,6697218,301530000.0
1515,5747806,64000000.0
1516,6493530,65000000.0
1517,6475047,220593000.0
1518,6482967,100000000.0
1519,6553483,185679000.0
1520,5194579,98394000.0
1521,5978902,514188000.0
1522,6812066,257157480.0
1523,4651431,839142120.0
1524,5738024,138799020.0
1525,6573092,606234000.0
1526,6486505,745890000.0
1527,6249431,125000000.0
1528,6255418,365010000.0
1529,6343313,885546000.0
1530,6812059,177140940.0
1531,6805899,48000000.0
1532,6172257,120000000.0
1533,6477831,599886000.0
1534,6481758,228178860.0
1535,4708978,1206120000.0
1536,4720572,631308600.0
1537,6596292,210000000.0
1538,4898919,449438400.0
1539,6805761,130000000.0
1540,6328409,205000000.0
1541,6482474,142830000.0
1542,6321458,120000000.0
1543,5811608,539580000.0
1544,3124701,562877160.0
1545,5272649,618930000.0
1546,6812016,73000000.0
1547,6805742,160000000.0
1548,5020370,160000000.0
1549,6378273,145000000.0
1550,6244814,339618000.0
1551,6085746,561004500.0
1552,6405747,323748000.0
1553,5514233,74589000.0
1554,6811908,444042600.0
1555,6805697,285660000.0
1556,5820041,420000000.0
1557,3344384,330000000.0
1558,6572756,507840000.0
1559,4708915,2221800000.0
1560,6579427,396750000.0
1561,6354869,95000000.0
1562,6811893,135212400.0
1563,6805675,130000000.0
1564,5367271,250746000.0
1565,5683491,730020000.0
1566,6469418,793500000.0
1567,5741236,650670000.0
1568,6590171,185000000.0
1569,6338824,175000000.0
1570,6811863,186789900.0
1571,6414901,390402000.0
1572,3508925,1241034000.0
1573,6078218,453882000.0
1574,6318936,304704000.0
1575,3511987,330000000.0
1576,5938779,150000000.0
1577,6410011,571320000.0
1578,6811844,131721000.0
1579,6805601,320000000.0
1580,3754141,1587000000.0
1581,5738102,100933200.0
1582,6492617,284073000.0
1583,5021738,60000000.0
1584,6339756,67000000.0
1585,5100010,317400000.0
1586,6501854,333270000.0
1587,5615542,190440000.0
1588,6327265,131721000.0
1589,6432552,1428300000.0
1590,6402012,1269600000.0
1591,5848619,260000000.0
1592,3945135,624000000.0
1593,6259920,391354200.0
1594,6810388,126642600.0
1595,5886268,349140000.0
1596,6799154,240906600.0
1597,6467777,150000000.0
1598,6400921,230000000.0
1599,6104188,390402000.0
1600,6811462,253602600.0
1601,6412734,345966000.0
1602,5074080,550000000.0
1603,6805112,634800000.0
1604,6799132,65000000.0
1605,6423757,432997080.0
1606,6398264,407287680.0
1607,6099958,831588000.0
1608,5715469,160000000.0
1609,6261514,1136292000.0
1610,5958659,371358000.0
1611,6805034,110000000.0
1612,6799117,270000000.0
1613,6566117,680000000.0
1614,6787577,160000000.0
1615,6255383,888720000.0
1616,6811272,530058000.0
1617,6155063,523710000.0
1618,4911437,390000000.0
1619,6805013,92000000.0
1620,6493746,190000000.0
1621,6083552,904590000.0
1622,6467947,334857000.0
1623,5221940,269790000.0
1624,6811243,140000000.0
1625,6315319,86000000.0
1626,6013130,396750000.0
1627,6804998,95000000.0
1628,4082561,38000000.0
1629,6401161,1313845560.0
1630,6405233,95000000.0
1631,6014052,139656000.0
1632,6493699,212404080.0
1633,5514241,42849000.0
1634,5819135,660192000.0
1635,6098625,349140000.0
1636,6798509,193000000.0
1637,6394589,87000000.0
1638,6574121,269790000.0
1639,6452451,135000000.0
1640,6411165,200469840.0
1641,6411303,215832000.0
1642,5076338,695106000.0
1643,6295072,822066000.0
1644,6798470,761760000.0
1645,6400786,177172680.0
1646,5750516,65000000.0
1647,6582492,393576000.0
1648,6350601,365010000.0
1649,4730411,217990320.0
1650,3503278,507840000.0
1651,6803476,74589000.0
1652,6414706,299943000.0
1653,6034928,1428300000.0
1654,6354517,145178760.0
1655,5386644,634482600.0
1656,5314309,428490000.0
1657,6589118,161874000.0
1658,6589980,260000000.0
1659,6328463,411033000.0
1660,6798391,333270000.0
1661,5178362,200000000.0
1662,6571957,81095700.0
1663,6789055,180981480.0
1664,5427833,184092000.0
1665,6284423,99000000.0
1666,4900127,761760000.0
1667,6803354,110000000.0
1668,6798329,1396560000.0
1669,6579887,507840000.0
1670,6572564,133308000.0
1671,6789010,70000000.0
1672,5696507,571320000.0
1673,6025585,155526000.0
1674,5822644,629900000.0
1675,6803335,140000000.0
1676,6798234,396750000.0
1677,6086354,555450000.0
1678,6014692,380000000.0
1679,5221927,115000000.0
1680,5149017,491970000.0
1681,6220666,504666000.0
1682,6599567,267377760.0
1683,6803309,90000000.0
1684,6798116,150161940.0
1685,5148020,185000000.0
1686,6400575,63000000.0
1687,5887467,180000000.0
1688,6261420,523710000.0
1689,4901365,490000000.0
1690,6343287,885546000.0
1691,6803276,685584000.0
1692,3508197,523710000.0
1693,6561135,125000000.0
1694,6358369,149178000.0
1695,5751003,390402000.0
1696,6557509,390000000.0
1697,6084432,951565200.0
1698,2637745,420000000.0
1699,6803261,855393000.0
1700,6798042,134895000.0
1701,5550710,193360080.0
1702,5695318,155000000.0
1703,6400987,230000000.0
1704,2526485,150000000.0
1705,5756813,460230000.0
1706,6139467,631626000.0
1707,6803211,253285200.0
1708,6797949,129000000.0
1709,6678369,533232000.0
1710,6402683,593538000.0
1711,6584789,140000000.0
1712,6342395,269790000.0
1713,6340081,245985000.0
1714,6555440,418047540.0
1715,6803199,1453692000.0
1716,4052239,150000000.0
1717,6459156,155526000.0
1718,6401185,1313845560.0
1719,3072692,140000000.0
1720,5803621,150000000.0
1721,4977019,793500000.0
1722,6179183,148733640.0
1723,6803162,609408000.0
1724,3725203,1256904000.0
1725,6009694,117438000.0
1726,6263379,412620000.0
1727,6584782,550000000.0
1728,5775748,476100000.0
1729,6192065,120000000.0
1730,6116194,98000000.0
1731,6802843,856980000.0
1732,6410074,630000000.0
1733,2501482,865879453.0
1734,6580314,558624000.0
1735,5047314,218688600.0
1736,6600532,55227600.0
1737,5556606,380000000.0
1738,4921309,523710000.0
1739,6802714,102500000.0
1740,6254225,377706000.0
1741,5741251,431346600.0
1742,6238950,311052000.0
1743,6328789,77000000.0
1744,6058426,88872000.0
1745,6600466,168856800.0
1746,6693987,110000000.0
1747,6802625,545928000.0
1748,6324179,154900000.0
1749,6242173,158319120.0
1750,5681235,115000000.0
1751,4825656,100000000.0
1752,5829994,140000000.0
1753,6179670,444360000.0
1754,6411342,80937000.0
1755,6802557,126896520.0
1756,6408630,425316000.0
1757,6576506,657018000.0
1758,5612941,837936000.0
1759,3771435,125000000.0
1760,6308500,136482000.0
1761,6417060,274709700.0
1762,5475702,544594920.0
1763,6802500,145083540.0
1764,4914596,460230000.0
1765,6563698,135000000.0
1766,5949676,57000000.0
1767,6092326,280000000.0
1768,6033031,90000000.0
1769,5274043,365010000.0
1770,6342795,120000000.0
1771,6802458,75000000.0
1772,6173579,75000000.0
1773,4073357,1269600000.0
1774,6395992,131721000.0
1775,5888078,88000000.0
1776,5819344,758586000.0
1777,6462091,270000000.0
1778,5063773,468165000.0
1779,6802416,155494260.0
1780,6401009,230000000.0
1781,6400855,230000000.0
1782,1879923,137750000.0
1783,6488518,131879700.0
1784,6595980,140000000.0
1785,5327150,130000000.0
1786,5628089,81600000.0
1787,6709424,110201280.0
1788,6414689,92046000.0
1789,6403306,460230000.0
1790,5921842,68000000.0
1791,1339112,476100000.0
1792,5897002,56500000.0
1793,3503977,2040000000.0
1794,3184470,152955060.0
1795,6585516,87000000.0
1796,5299772,1393005120.0
1797,6161858,206000000.0
1798,6223467,186999990.0
1799,5364962,143500000.0
1800,3999611,1777440000.0
1801,5159883,745890000.0
1802,6088443,945852000.0
1803,6411385,517362000.0
1804,6493789,85000000.0
1805,5875518,488796000.0
1806,6576443,571320000.0
1807,6401329,1313845560.0
1808,1841597,1745700000.0
1809,5599008,365010000.0
1810,6170068,130000000.0
1811,6328681,650670000.0
1812,4075740,206310000.0
1813,5542518,453882000.0
1814,6786923,299990000.0
1815,5916192,220000000.0
1816,6088530,555450000.0
1817,5758478,150000000.0
1818,5683302,166000000.0
1819,5401964,695106000.0
1820,6406972,69510600.0
1821,5825687,311052000.0
1822,6475140,139000000.0
1823,6098512,983940000.0
1824,4912624,1460040000.0
1825,4921054,99000000.0
1826,5052348,365010000.0
1827,6801540,260000000.0
1828,5533571,142512600.0
1829,6464995,64000000.0
1830,6786820,207897000.0
1831,6525195,77604300.0
1832,5633924,69999999.0
1833,6378072,228210600.0
1834,2737251,884911200.0
1835,6801519,130000000.0
1836,6690314,60000000.0
1837,6459125,130000000.0
1838,6315766,164990000.0
1839,5305273,60000000.0
1840,6116491,206310000.0
1841,4902258,420000000.0
1842,5314611,370000000.0
1843,6801288,185000000.0
1844,6097982,825240000.0
1845,6091171,695106000.0
1846,6136020,225000000.0
1847,4996373,182505000.0
1848,5988864,175000000.0
1849,6261996,377706000.0
1850,1376958,1491780000.0
1851,5518914,250000000.0
1852,5519231,62000000.0
1853,5546575,326922000.0
1854,6786610,70000000.0
1855,6169587,40000000.0
1856,6006650,67000000.0
1857,3339617,504666000.0
1858,5026658,140354280.0
1859,6689841,150765000.0
1860,5692196,523710000.0
1861,6395070,320574000.0
1862,6786529,631626000.0
1863,5741048,150000000.0
1864,5644822,240000000.0
1865,5512083,206310000.0
1866,6016590,88332420.0
1867,6801042,110000000.0
1868,4942777,90000000.0
1869,5672213,93000000.0
1870,6786272,245000000.0
1871,6098138,1136292000.0
1872,5968764,539580000.0
1873,5633912,140000000.0
1874,6275498,159999990.0
1875,6492755,406272000.0
1876,6250402,50000000.0
1877,6099828,1745700000.0
1878,6113559,140000000.0
1879,4983723,380000000.0
1880,6811054,185000000.0
1881,6297509,145000000.0
1882,6342652,210000000.0
1883,6688724,80000000.0
1884,3771409,240000000.0
1885,5891344,666540000.0
1886,6786225,482448000.0
1887,6306216,793500000.0
1888,6592195,124452540.0
1889,6088361,698280000.0
1890,6181069,888720000.0
1891,6107987,75000000.0
1892,5112572,491970000.0
1893,5623065,130000000.0
1894,3506759,1031550000.0
1895,6012015,917286000.0
1896,6698015,184300000.0
1897,5413272,536406000.0
1898,5910094,371358000.0
1899,6118480,1074399000.0
1900,6796617,315813000.0
1901,6482977,350000000.0
1902,6786159,158700000.0
1903,5687604,110000000.0
1904,5554835,698280000.0
1905,6694171,92046000.0
1906,6174123,609408000.0
1907,6412561,460230000.0
1908,6796570,412620000.0
1909,6405329,125000000.0
1910,6786027,69000000.0
1911,5820760,295000000.0
1912,5932167,166000200.0
1913,3708149,350000000.0
1914,5682782,155000000.0
1915,6592331,303117000.0
1916,6796152,75000000.0
1917,6569577,158382600.0
1918,6562090,315813000.0
1919,6085675,539580000.0
1920,6477803,234876000.0
1921,4904537,135000000.0
1922,6288578,507840000.0
1923,6454362,150000000.0
1924,6796147,50000000.0
1925,4659714,130000000.0
1926,6785993,290000000.0
1927,6404580,298356000.0
1928,6191860,87285000.0
1929,6694955,146004000.0
1930,5099992,676062000.0
1931,6454556,72000000.0
1932,6796113,105000000.0
1933,6174853,184092000.0
1934,6197806,330000000.0
1935,5886657,1333080000.0
1936,6330969,358662000.0
1937,5100212,793500000.0
1938,3684423,436425000.0
1939,6457804,76000000.0
1940,6795785,1428300000.0
1941,6423457,317400000.0
1942,5703451,345966000.0
1943,6638435,71900000.0
1944,6694681,441186000.0
1945,6115143,474513000.0
1946,4869249,149146260.0
1947,6465938,73000000.0
1948,6795638,144000000.0
1949,6485752,110000000.0
1950,5221467,137000000.0
1951,6490555,166190640.0
1952,6121179,220000000.0
1953,6410088,698280000.0
1954,6033053,63000000.0
1955,6467046,68000000.0
1956,6795297,203136000.0
1957,6036940,378182100.0
1958,6213068,682410000.0
1959,6328372,115000000.0
1960,5141760,83500000.0
1961,5573391,275000000.0
1962,6324651,552276000.0
1963,5194591,317241300.0
1964,6795092,453882000.0
1965,6039880,350000000.0
1966,6350374,130134000.0
1967,6012096,901416000.0
1968,6088512,793500000.0
1969,4998750,755412000.0
1970,4789439,620000000.0
1971,6407819,425316000.0
1972,6087478,730020000.0
1973,5920979,390084600.0
1974,5834897,200000000.0
1975,5143586,160000000.0
1976,6190144,193614000.0
1977,6461595,317082600.0
1978,6555322,491970000.0
1979,6689231,136482000.0
1980,6794817,390402000.0
1981,6331601,203136000.0
1982,6680350,587190000.0
1983,6492207,94585200.0
1984,5819314,1428300000.0
1985,6489372,237732600.0
1986,4922553,2380500000.0
1987,6800616,270361320.0
1988,6794675,1142640000.0
1989,6357217,155000000.0
1990,6397100,158700000.0
1991,5741010,117000000.0
1992,5363347,888720000.0
1993,5099978,315400380.0
1994,6058410,135000000.0
1995,6412752,438012000.0
1996,6794470,68241000.0
1997,6190048,126960000.0
1998,6563640,74700000.0
1999,5519968,270000000.0
2000,5617418,284073000.0
2001,5826104,215832000.0
2002,6014683,99000000.0
2003,5879583,45000000.0
2004,3417275,634800000.0
2005,5143269,260000000.0
2006,6325088,289000000.0
2007,6245890,260268000.0
2008,6265311,616708200.0
2009,4777311,165000000.0
2010,5815505,695106000.0
2011,6099622,360000000.0
2012,6794327,130134000.0
2013,5924398,125000000.0
2014,6086094,1110900000.0
2015,5919968,111090000.0
2016,4886536,952200000.0
2017,6022848,133308000.0
2018,4986422,507840000.0
2019,5373249,154573800.0
2020,6794289,285660000.0
2021,5542501,71415000.0
2022,5822321,300736500.0
2023,6405250,145000000.0
2024,6335776,118000000.0
2025,6282261,685584000.0
2026,5280171,450390600.0
2027,6492763,307878000.0
2028,6793980,140000000.0
2029,5550209,115000000.0
2030,6409469,96807000.0
2031,6113914,295880280.0
2032,6697995,155000000.0
2033,6306121,190440000.0
2034,6487810,207897000.0
2035,6295209,818892000.0
2036,6793893,78000000.0
2037,5881897,75000000.0
2038,5949661,130000000.0
2039,6087247,745890000.0
2040,6411260,280073760.0
2041,4610578,77604300.0
2042,5270323,120000000.0
2043,6324780,75000000.0
2044,6793872,115000000.0
2045,6319239,138000000.0
2046,3508699,1110900000.0
2047,6129530,80000000.0
2048,5463129,148000000.0
2049,5019466,90000000.0
2050,6810143,234876000.0
2051,6627502,85000000.0
2052,6793853,120000000.0
2053,5658025,1031550000.0
2054,5441197,290000000.0
2055,6084073,793500000.0
2056,6343359,977592000.0
2057,6343426,438012000.0
2058,5531237,347553000.0
2059,5839088,728782140.0
2060,6793738,317400000.0
2061,5148028,540000000.0
2062,6325108,330000000.0
2063,6085971,945852000.0
2064,6489391,357075000.0
2065,5100086,618930000.0
2066,5774450,399924000.0
2067,6046703,143052180.0
2068,6793671,70000000.0
2069,1916055,302799600.0
2070,5344597,169900000.0
2071,6565246,158700000.0
2072,4719338,123786000.0
2073,5958638,135000000.0
2074,4852036,120000000.0
2075,6106910,618930000.0
2076,6793621,507840000.0
2077,6416081,822066000.0
2078,6012055,822066000.0
2079,6090931,1809180000.0
2080,6374922,120000000.0
2081,6563676,215000000.0
2082,6570639,152352000.0
2083,5026628,95000000.0
2084,6684496,522123000.0
2085,6703887,123000000.0
2086,6217155,77350380.0
2087,6623621,104742000.0
2088,5973006,428490000.0
2089,5449175,238050000.0
2090,6669551,523710000.0
2091,4052244,100000000.0
2092,6766371,292008000.0
2093,6654414,365010000.0
2094,6687825,280000000.0
2095,6687759,260268000.0
2096,5988180,888720000.0
2097,5808670,159000000.0
2098,5464439,130000000.0
2099,6778864,298356000.0
2100,6766292,350000000.0
2101,6656578,160000000.0
2102,6717412,95000000.0
2103,6228037,106170300.0
2104,5997478,450000000.0
2105,5143764,140000000.0
2106,6281884,80000000.0
2107,5647267,158700000.0
2108,6484827,1333080000.0
2109,5759972,428490000.0
2110,6234813,60000000.0
2111,6226280,167650680.0
2112,6090079,745890000.0
2113,6401209,1313845560.0
2114,5738181,149336700.0
2115,5896178,377706000.0
2116,6766273,340000000.0
2117,6758135,304704000.0
2118,6688373,95000000.0
2119,6655645,66654000.0
2120,6570177,831588000.0
2121,5997609,65000000.0
2122,6151396,240271800.0
2123,6778788,350409600.0
2124,6388263,168634620.0
2125,6664232,160000000.0
2126,6071006,57000000.0
2127,6658387,793500000.0
2128,6486531,73000000.0
2129,6053086,920460000.0
2130,5887969,150000000.0
2131,6209105,77763000.0
2132,3170674,757125960.0
2133,5283660,120000000.0
2134,6653215,79000000.0
2135,5423378,170000000.0
2136,6401036,230000000.0
2137,6566488,387228000.0
2138,6674213,110000000.0
2139,6778202,365010000.0
2140,6395082,676062000.0
2141,6694596,69990000.0
2142,5695341,75000000.0
2143,6713868,157113000.0
2144,5550802,180000000.0
2145,2691362,408000000.0
2146,6310874,370000000.0
2147,6778146,107344680.0
2148,6766221,1587000000.0
2149,6657006,185000000.0
2150,6222915,412461300.0
2151,5346541,317082600.0
2152,6572647,491970000.0
2153,6023327,80000000.0
2154,6027864,728433000.0
2155,6778047,206310000.0
2156,6228351,1428300000.0
2157,6687883,396750000.0
2158,6216465,618930000.0
2159,6228920,184663320.0
2160,6090116,666540000.0
2161,6500011,70000000.0
2162,6088044,815718000.0
2163,6778033,75000000.0
2164,6766104,615756000.0
2165,6675871,54990000.0
2166,6550024,55000000.0
2167,6677687,59990000.0
2168,6485720,155000000.0
2169,6682062,1633023000.0
2170,5221972,618930000.0
2171,6778013,135000000.0
2172,5322025,539580000.0
2173,6694557,109990000.0
2174,6558331,1586682600.0
2175,6228532,660192000.0
2176,6467720,90000000.0
2177,6088030,1110900000.0
2178,6672861,570970860.0
2179,6777999,130000000.0
2180,6766036,514188000.0
2181,6556390,206310000.0
2182,6652078,150765000.0
2183,6694430,89990000.0
2184,5613210,822066000.0
2185,6417865,80000000.0
2186,6566639,85000000.0
2187,6777955,393576000.0
2188,6765959,339000000.0
2189,6362352,160000000.0
2190,6701430,69990000.0
2191,4024420,260000000.0
2192,6480183,68000000.0
2193,6392573,52500000.0
2194,2558681,917286000.0
2195,6777934,152352000.0
2196,6765937,500000000.0
2197,6484619,160000000.0
2198,5372385,709389000.0
2199,6676297,793468260.0
2200,5143748,215000000.0
2201,6565895,230115000.0
2202,6671057,539580000.0
2203,6777888,182758920.0
2204,6765890,379293000.0
2205,6456828,120000000.0
2206,6635845,72990000.0
2207,6459453,60000000.0
2208,6467690,257094000.0
2209,6086977,105000000.0
2210,6428829,1428300000.0
2211,6108681,149336700.0
2212,6765874,409446000.0
2213,6670006,51418800.0
2214,6643276,68000000.0
2215,6702911,75000000.0
2216,6464108,45000000.0
2217,5950738,230115000.0
2218,6077692,750000000.0
2219,6403511,317082600.0
2220,6765852,255000000.0
2221,6666551,115000000.0
2222,6153224,120000000.0
2223,6652602,154256400.0
2224,6581837,230000000.0
2225,6163792,280000000.0
2226,6428561,115851000.0
2227,5382516,326922000.0
2228,6765805,850632000.0
2229,5985431,253285200.0
2230,5729985,250000000.0
2231,6694699,136450260.0
2232,6080062,450000000.0
2233,6036803,438012000.0
2234,6326022,128000000.0
2235,6386844,209484000.0
2236,6765783,187266000.0
2237,6652551,85000000.0
2238,6676426,71900000.0
2239,6677706,394990000.0
2240,5947628,98394000.0
2241,6263333,126928260.0
2242,6461983,107916000.0
2243,5540736,825240000.0
2244,6662798,507840000.0
2245,5987762,949026000.0
2246,6647579,140000000.0
2247,6670020,150225420.0
2248,6045314,498318000.0
2249,6676508,89000000.0
2250,5751067,137000000.0
2251,6697888,618930000.0
2252,6765675,125000000.0
2253,6081570,342792000.0
2254,5444916,130000000.0
2255,6151498,177744000.0
2256,5759939,311052000.0
2257,5698348,41000000.0
2258,6140163,370532760.0
2259,6777131,375000000.0
2260,6765623,365010000.0
2261,6701444,71990000.0
2262,6688097,210000000.0
2263,6677660,199990000.0
2264,3108065,211864500.0
2265,6105098,726846000.0
2266,4846165,95000000.0
2267,6777114,110000000.0
2268,6765511,238050000.0
2269,6631367,126960000.0
2270,6624972,68990000.0
2271,6620577,216085920.0
2272,6405273,120000000.0
2273,6287728,209484000.0
2274,6099942,555450000.0
2275,6777032,90000000.0
2276,6704430,1044246000.0
2277,6687685,266616000.0
2278,6677954,380848260.0
2279,6677641,92990000.0
2280,6213020,90459000.0
2281,6670809,299400000.0
2282,6444882,520218600.0
2283,6461178,104424600.0
2284,6765467,290000000.0
2285,6662350,120294600.0
2286,6688248,89000000.0
2287,6663870,79350000.0
2288,6479715,253602600.0
2289,6202694,518980740.0
2290,6676457,333270000.0
2291,6776510,85000000.0
2292,6549698,761442600.0
2293,6688431,93000000.0
2294,6714430,110000000.0
2295,6652660,79900000.0
2296,6294418,210000000.0
2297,6372354,205675200.0
2298,6314012,219006000.0
2299,6776207,100000000.0
2300,6552712,952200000.0
2301,6066565,160000000.0
2302,5859517,140000000.0
2303,6676409,81490000.0
2304,6401929,500000000.0
2305,3937944,691932000.0
2306,6467662,115000000.0
2307,6775214,48000000.0
2308,6223508,149431920.0
2309,6688638,80000000.0
2310,6235043,55000000.0
2311,6677769,94990000.0
2312,5755000,260000000.0
2313,6672074,95000000.0
2314,6785251,482448000.0
2315,6384511,177744000.0
2316,6688042,194000000.0
2317,6694506,129990000.0
2318,6307815,245985000.0
2319,5598185,85000000.0
2320,6681658,180000000.0
2321,6077710,230000000.0
2322,6785222,910938000.0
2323,6158488,415794000.0
2324,6764228,171000000.0
2325,4656198,82000000.0
2326,6456145,48000000.0
2327,6221916,881134140.0
2328,6039893,180000000.0
2329,6081621,1110900000.0
2330,6236545,126960000.0
2331,6386721,243794940.0
2332,5394852,70000000.0
2333,5460775,396750000.0
2334,6662883,365010000.0
2335,6230175,317336520.0
2336,6077142,250000000.0
2337,6672033,49900000.0
2338,6785213,170000000.0
2339,6776116,58000000.0
2340,6688281,80000000.0
2341,4952057,150000000.0
2342,6555004,349140000.0
2343,6302056,228528000.0
2344,5143644,180000000.0
2345,6458612,71097600.0
2346,6785207,70000000.0
2347,6401962,882372000.0
2348,6647468,270000000.0
2349,6661893,745890000.0
2350,6677738,64990000.0
2351,6629682,173000000.0
2352,5874861,380880000.0
2353,6458982,170000000.0
2354,6785186,65000000.0
2355,6775938,65000000.0
2356,6681183,599999990.0
2357,6696143,160000000.0
2358,6687743,150000000.0
2359,6676275,179990000.0
2360,3434184,539580000.0
2361,6129493,104742000.0
2362,6785175,477100000.0
2363,6775328,75000000.0
2364,6763449,460230000.0
2365,6675912,149990000.0
2366,6653128,952200000.0
2367,6676382,145000000.0
2368,5876217,163238820.0
2369,6086766,853806000.0
2370,6785162,68000000.0
2371,6775377,135371100.0
2372,5991402,253285200.0
2373,6675820,80990000.0
2374,6624994,189990000.0
2375,6377042,80000000.0
2376,6475722,180000000.0
2377,6086674,809370000.0
2378,6785150,188853000.0
2379,6775361,189000000.0
2380,5998478,220000000.0
2381,6660009,59990000.0
2382,5714002,349140000.0
2383,6675880,89990000.0
2384,6236358,241192260.0
2385,6563627,189000000.0
2386,6785104,180981480.0
2387,6775257,129150060.0
2388,6763235,82000000.0
2389,5990718,75000000.0
2390,6556984,120000000.0
2391,6756164,120000000.0
2392,6091071,412620000.0
2393,5879301,146004000.0
2394,6325984,910938000.0
2395,5997947,599886000.0
2396,6763218,68000000.0
2397,6532800,57000000.0
2398,6552855,285660000.0
2399,6755909,412620000.0
2400,4075445,682410000.0
2401,6671021,95061300.0
2402,6476129,127000000.0
2403,6553034,186726420.0
2404,6617888,79990000.0
2405,6757778,75858600.0
2406,6228606,714150000.0
2407,6755864,593538000.0
2408,6579630,545928000.0
2409,5147924,175000000.0
2410,6784839,361836000.0
2411,6775099,476100000.0
2412,6688413,110000000.0
2413,6687958,78000000.0
2414,5718899,260000000.0
2415,6755663,539262600.0
2416,6486695,174570000.0
2417,5924569,1333080000.0
2418,6784781,395163000.0
2419,6774967,266616000.0
2420,6549062,70000000.0
2421,5346505,1427982600.0
2422,3731420,1555260000.0
2423,6755648,62000000.0
2424,6561043,184092000.0
2425,6565506,561798000.0
2426,6355849,365010000.0
2427,6774717,423792480.0
2428,6655780,479242260.0
2429,6647405,100000000.0
2430,6694576,87990000.0
2431,6544737,77953440.0
2432,6785812,75858600.0
2433,5990794,240000000.0
2434,6085092,158382600.0
2435,6774691,634800000.0
2436,6151362,207897000.0
2437,5991360,253285200.0
2438,6677751,119990000.0
2439,6216242,186948600.0
2440,5413564,98394000.0
2441,6098322,587190000.0
2442,6088209,888720000.0
2443,6774470,609408000.0
2444,6762863,82000000.0
2445,6681552,825208260.0
2446,3155531,526884000.0
2447,6649117,316765200.0
2448,6160313,301530000.0
2449,6153634,150000000.0
2450,6784456,157113000.0
2451,6774443,950000000.0
2452,5869858,369771000.0
2453,6662640,425316000.0
2454,6491008,280000000.0
2455,6755373,266616000.0
2456,6099840,1095030000.0
2457,6216817,130134000.0
2458,6565437,825240000.0
2459,6774438,110000000.0
2460,6762762,150000000.0
2461,6235623,539262600.0
2462,6456744,62000000.0
2463,6755332,250365120.0
2464,6676880,170000000.0
2465,6570153,110000000.0
2466,6677794,74589000.0
2467,6774427,90000000.0
2468,6663018,131000000.0
2469,6687938,130000000.0
2470,6663025,75000000.0
2471,6755073,1428300000.0
2472,6086284,983940000.0
2473,6227464,149178000.0
2474,6465752,491970000.0
2475,6774404,130000000.0
2476,6224981,190122600.0
2477,6658374,69990000.0
2478,6461132,507840000.0
2479,6754985,1428300000.0
2480,6206768,145000000.0
2481,5991423,253285200.0
2482,6681792,55000000.0
2483,6774382,149178000.0
2484,6762724,60000000.0
2485,6461971,87285000.0
2486,6702886,250000000.0
2487,6754953,729702600.0
2488,6482979,105000000.0
2489,6476113,219006000.0
2490,6676490,75000000.0
2491,6773748,507840000.0
2492,6762710,165000000.0
2493,5338477,320000000.0
2494,6687911,138000000.0
2495,6754844,1205802600.0
2496,4625319,450000000.0
2497,5875073,380562600.0
2498,6784137,238050000.0
2499,6656968,180000000.0
2500,6762692,150000000.0
2501,6151468,177744000.0
2502,6549998,129000000.0
2503,6754359,152000000.0
2504,6092896,920460000.0
2505,5946409,84491880.0
2506,6784096,745890000.0
2507,6773367,179965800.0
2508,6762677,130000000.0
2509,6711745,120000000.0
2510,6701909,156000000.0
2511,6754293,146004000.0
2512,5808599,507840000.0
2513,6035056,165048000.0
2514,6681002,349140000.0
2515,6773109,101568000.0
2516,6762663,105000000.0
2517,3643091,717324000.0
2518,5343137,280000000.0
2519,6548439,400000000.0
2520,6087855,777630000.0
2521,6045355,210000000.0
2522,6784007,105000000.0
2523,6772899,142830000.0
2524,6762644,85000000.0
2525,5671769,1241034000.0
2526,4895278,140000000.0
2527,6300544,920460000.0
2528,6309002,342792000.0
2529,5148024,180000000.0
2530,6783963,245985000.0
2531,6772866,130134000.0
2532,6312898,64273500.0
2533,6665346,78000000.0
2534,6688569,190440000.0
2535,6754133,86015400.0
2536,6785774,206310000.0
2537,6082206,603060000.0
2538,5143391,185000000.0
2539,6772726,110000000.0
2540,6762625,200000000.0
2541,6687813,94000000.0
2542,6532820,84900000.0
2543,5656972,220000000.0
2544,6577236,280000000.0
2545,6265206,160000000.0
2546,5685344,412620000.0
2547,6772680,203136000.0
2548,6704369,1047420000.0
2549,6226401,476100000.0
2550,6658100,533232000.0
2551,6642942,453882000.0
2552,6680212,7935000000.0
2553,6561154,60000000.0
2554,6783879,310000000.0
2555,6772615,365010000.0
2556,6762520,342792000.0
2557,5340073,160000000.0
2558,6704542,1174380000.0
2559,6066541,301530000.0
2560,5834820,317400000.0
2561,6242966,145000000.0
2562,6783857,98000000.0
2563,6772584,822066000.0
2564,6509388,698280000.0
2565,6687973,63000000.0
2566,5790918,853806000.0
2567,5577328,128000000.0
2568,6579573,571320000.0
2569,6674095,247572000.0
2570,6783830,285660000.0
2571,6772568,390402000.0
2572,5220973,129500000.0
2573,6676753,135000000.0
2574,6681575,509617440.0
2575,5998469,75000000.0
2576,5143759,214000000.0
2577,6190024,169900000.0
2578,6566696,194000000.0
2579,6772546,501492000.0
2580,6762391,335000000.0
2581,6687985,70000000.0
2582,6222808,230000000.0
2583,6303504,120000000.0
2584,6086517,793500000.0
2585,6460709,171000000.0
2586,5835110,69000000.0
2587,6772481,349140000.0
2588,6762368,92046000.0
2589,6096330,695106000.0
2590,6652506,191709600.0
2591,5988424,1205802600.0
2592,6294305,250000000.0
2593,5666478,761760000.0
2594,6086184,1301340000.0
2595,6772398,342792000.0
2596,6762341,240000000.0
2597,5854958,430000000.0
2598,6303483,145000000.0
2599,6225341,75636420.0
2600,6495795,160287000.0
2601,6779792,180000000.0
2602,6677244,580842000.0
2603,6772380,104900000.0
2604,6548887,69990000.0
2605,6145185,460000000.0
2606,5997886,485622000.0
2607,6235323,56000000.0
2608,6113924,178061400.0
2609,6339829,252333000.0
2610,6468583,104424600.0
2611,6772335,259900000.0
2612,6762270,412620000.0
2613,6677680,114990000.0
2614,6342535,364851300.0
2615,6643735,142512600.0
2616,6085384,491970000.0
2617,3894813,143725703.0
2618,6783669,1333080000.0
2619,5671771,1523520000.0
2620,6662176,83000000.0
2621,5161133,380000000.0
2622,6227572,687171000.0
2623,6549309,130000000.0
2624,6213003,133308000.0
2625,5809689,72000000.0
2626,6783609,280000000.0
2627,6771909,1158510000.0
2628,6762258,115000000.0
2629,6216268,677553780.0
2630,6549675,761442600.0
2631,6222289,379134300.0
2632,6294461,539580000.0
2633,5808480,140000000.0
2634,6783474,368184000.0
2635,6771868,130000000.0
2636,6687608,80000000.0
2637,6662198,85000000.0
2638,6694525,79990000.0
2639,6450914,444360000.0
2640,6401058,230000000.0
2641,5729896,615756000.0
2642,6783397,1237860000.0
2643,6704458,504666000.0
2644,6762168,344990000.0
2645,6687791,634800000.0
2646,6286791,132000000.0
2647,5173593,761760000.0
2648,6213625,198000000.0
2649,4624068,523710000.0
2650,6783336,500000000.0
2651,6771745,119990000.0
2652,6761522,69990000.0
2653,6734549,40000000.0
2654,5613170,186948600.0
2655,6544663,168095040.0
2656,6096061,790326000.0
2657,6315540,240000000.0
2658,6783303,155000000.0
2659,6771727,65990000.0
2660,6152647,146004000.0
2661,6656237,145000000.0
2662,6456376,125000000.0
2663,6753755,9500.0
2664,5221909,698280000.0
2665,6162197,130000000.0
2666,6783283,1031550000.0
2667,6771704,119990000.0
2668,6761507,89990000.0
2669,6652123,174252600.0
2670,5991486,253285200.0
2671,6647650,105472020.0
2672,6400965,230000000.0
2673,6669680,545928000.0
2674,2003240,180000000.0
2675,6771683,64990000.0
2676,6149834,69000000.0
2677,6688625,141000000.0
2678,6631390,204723000.0
2679,3320442,4761000000.0
2680,6238873,112803960.0
2681,6086226,2380500000.0
2682,6782991,459912600.0
2683,6771659,79990000.0
2684,6761427,152352000.0
2685,6659656,120612000.0
2686,6303851,365010000.0
2687,6753698,79350000.0
2688,6401137,1313845560.0
2689,4967795,65701800.0
2690,6782973,466260600.0
2691,6771625,189000000.0
2692,6761403,77445600.0
2693,6683882,155000000.0
2694,6616539,90205080.0
2695,6375314,112000000.0
2696,6239332,78000000.0
2697,6560948,98870100.0
2698,6782922,917286000.0
2699,6556322,120000000.0
2700,6761386,61258200.0
2701,6301728,90000000.0
2702,6681531,649990000.0
2703,6288242,65000000.0
2704,6401281,1313845560.0
2705,6231895,460737840.0
2706,6782752,700000000.0
2707,6771547,1682220000.0
2708,6688507,270000000.0
2709,4912600,745890000.0
2710,6625078,428490000.0
2711,6298814,238050000.0
2712,6167550,131721000.0
2713,6673502,545928000.0
2714,6782576,483876300.0
2715,6771002,484035000.0
2716,6761135,533232000.0
2717,6615745,146004000.0
2718,5800255,311052000.0
2719,5648938,185000000.0
2720,6312714,90000000.0
2721,6673478,150000000.0
2722,6782554,914112000.0
2723,6770841,283596900.0
2724,4985452,184200000.0
2725,4821911,328509000.0
2726,6461087,815718000.0
2727,6066198,745890000.0
2728,6037981,62000000.0
2729,6325960,198000000.0
2730,6782379,156954300.0
2731,6770715,101568000.0
2732,6761071,561480600.0
2733,6675854,299990000.0
2734,6656096,78000000.0
2735,6549595,1142640000.0
2736,6785676,139000000.0
2737,4075181,40000000.0
2738,6469313,180000000.0
2739,6704041,950000000.0
2740,6662101,560000000.0
2741,5801912,275000000.0
2742,5745546,148000000.0
2743,6377895,85698000.0
2744,5781575,50000000.0
2745,3693766,90000000.0
2746,6782281,618930000.0
2747,5144055,380562600.0
2748,6760720,126960000.0
2749,6114914,92000000.0
2750,6064903,539580000.0
2751,6216429,153939000.0
2752,5990810,250000000.0
2753,5955434,269790000.0
2754,6782260,952200000.0
2755,6770575,428490000.0
2756,6221780,217419000.0
2757,6756669,49000000.0
2758,6655612,85000000.0
2759,6753517,105000000.0
2760,5426915,6665400000000.0
2761,6066018,866502000.0
2762,6782240,426903000.0
2763,5143219,755412000.0
2764,5674299,507840000.0
2765,6459367,485622000.0
2766,5742224,571320000.0
2767,5440863,219006000.0
2768,6469595,150000000.0
2769,5862699,240000000.0
2770,6782205,872850000.0
2771,6770404,196470600.0
2772,6760614,190000000.0
2773,6651858,75000000.0
2774,3513759,155208600.0
2775,6643218,314226000.0
2776,5741160,180000000.0
2777,6481605,158000000.0
2778,6782176,631626000.0
2779,6656696,269790000.0
2780,4918669,320000000.0
2781,6693207,159990000.0
2782,6225898,126547380.0
2783,6209622,303751800.0
2784,6095375,899000000.0
2785,5580235,147000000.0
2786,6782155,190440000.0
2787,6770286,85000000.0
2788,6760564,260268000.0
2789,6694452,119990000.0
2790,5991297,253285200.0
2791,6217133,360000000.0
2792,6573042,200000000.0
2793,6316301,170000000.0
2794,6782073,631626000.0
2795,6461963,128000000.0
2796,6625455,272964000.0
2797,6647548,132038400.0
2798,6558123,152352000.0
2799,6646540,790326000.0
2800,6405284,97000000.0
2801,6666963,150000000.0
2802,6781951,282486000.0
2803,6770241,81095700.0
2804,4716597,130000000.0
2805,6675847,41990000.0
2806,6676319,89000000.0
2807,5709347,761442600.0
2808,6211050,63000000.0
2809,6109250,121500000.0
2810,6295434,460230000.0
2811,6769995,1904400000.0
2812,6647429,212404080.0
2813,6756579,122230740.0
2814,4665422,310000000.0
2815,6295376,127975680.0
2816,6677345,148000000.0
2817,6087181,220000000.0
2818,6294377,444360000.0
2819,6769968,428490000.0
2820,6760177,420000000.0
2821,6654486,450708000.0
2822,6662555,825240000.0
2823,5991339,253285200.0
2824,6564989,284707800.0
2825,6469048,631626000.0
2826,6465626,409446000.0
2827,5726091,260000000.0
2828,6760028,74984690.0
2829,6677607,460198260.0
2830,6665205,56500000.0
2831,6550037,50000000.0
2832,6518535,170000000.0
2833,3612967,155000000.0
2834,6417754,142830000.0
2835,6388199,231702000.0
2836,6665149,88900000.0
2837,3182228,974100600.0
2838,3756958,269790000.0
2839,6642842,739542000.0
2840,6676656,79000000.0
2841,6671273,145000000.0
2842,5457399,171396000.0
2843,6769713,444360000.0
2844,6086941,280000000.0
2845,6675923,181990000.0
2846,6086253,2063100000.0
2847,6216595,793500000.0
2848,5664922,168222000.0
2849,6671978,118000000.0
2850,6068957,105694200.0
2851,6769689,450627063.0
2852,5006568,1428300000.0
2853,6656994,75000000.0
2854,6694486,72990000.0
2855,6753358,698280000.0
2856,5548842,1571130000.0
2857,6225878,250746000.0
2858,6678709,253920000.0
2859,6769684,825240000.0
2860,6759812,69828000.0
2861,6228420,758586000.0
2862,6647509,130000000.0
2863,6216172,240620940.0
2864,5928234,75000000.0
2865,6671897,59988600.0
2866,5695307,64000000.0
2867,5584097,196788000.0
2868,6759680,58000000.0
2869,6702681,63000000.0
2870,6224329,1313845560.0
2871,6216367,618930000.0
2872,6182159,260000000.0
2873,6672890,225354000.0
2874,6781582,301085640.0
2875,6097090,1901226000.0
2876,6759673,125000000.0
2877,6652267,90000000.0
2878,6625010,111990000.0
2879,6136253,599886000.0
2880,6182195,77000000.0
2881,5455174,469900000.0
2882,6781561,523710000.0
2883,6769488,323748000.0
2884,6022149,618930000.0
2885,6681620,364978260.0
2886,6303417,184028520.0
2887,6648440,1106139000.0
2888,6182237,90000000.0
2889,6465759,1237542600.0
2890,6459091,377706000.0
2891,6769367,130000000.0
2892,6759585,83000000.0
2893,6654262,87000000.0
2894,6083976,914112000.0
2895,5718937,133000000.0
2896,6182347,143000000.0
2897,6674206,79000000.0
2898,6189877,428490000.0
2899,6769335,145000000.0
2900,6759566,85000000.0
2901,6382224,112169160.0
2902,6695159,380880000.0
2903,5346527,441186000.0
2904,6440944,536406000.0
2905,6306896,68000000.0
2906,5695406,135000000.0
2907,6150216,175000000.0
2908,6759392,952200000.0
2909,6658867,317082600.0
2910,6073995,263442000.0
2911,2905919,230000000.0
2912,6183582,84000000.0
2913,6301835,441186000.0
2914,5671858,571320000.0
2915,6769273,75000000.0
2916,6759328,815718000.0
2917,6659089,280899000.0
2918,6757358,180981480.0
2919,6065834,1269600000.0
2920,6184872,78000000.0
2921,6461174,220000000.0
2922,6469832,428490000.0
2923,6769108,310000000.0
2924,6652770,55000000.0
2925,6222474,476100000.0
2926,6688352,75000000.0
2927,6643664,92680800.0
2928,6184860,98000000.0
2929,5147926,945852000.0
2930,6315466,133308000.0
2931,6769063,234876000.0
2932,6704566,952200000.0
2933,4933986,285660000.0
2934,6693228,149990000.0
2935,5979980,342792000.0
2936,6184847,125000000.0
2937,6140100,285660000.0
2938,6464074,593538000.0
2939,2170176,698280000.0
2940,6343340,193614000.0
2941,6707956,634800000.0
2942,6687999,89000000.0
2943,6544824,360000000.0
2944,6184714,115000000.0
2945,5687752,126960000.0
2946,6428485,223767000.0
2947,6155939,80000000.0
2948,6759135,125000000.0
2949,6694796,75000000.0
2950,6635832,56990000.0
2951,6161867,222180000.0
2952,6184260,130000000.0
2953,6558269,218000000.0
2954,6400943,230000000.0
2955,6704241,149990000.0
2956,6759120,114264000.0
2957,6690763,157430400.0
2958,1524935,1107726000.0
2959,6226690,82174860.0
2960,6355378,260000000.0
2961,6397141,63480000.0
2962,6572387,761442600.0
2963,6768538,125000000.0
2964,6759109,78000000.0
2965,6679702,599886000.0
2966,6654250,65000000.0
2967,6544040,177744000.0
2968,6385492,185000000.0
2969,5869486,220000000.0
2970,6780286,130000000.0
2971,4839209,714150000.0
2972,6557462,80000000.0
2973,6625055,169900000.0
2974,5449629,523710000.0
2975,4647031,583381200.0
2976,6411206,150000000.0
2977,6779254,44000000.0
2978,6780282,500000000.0
2979,6768431,472926000.0
2980,6759043,125000000.0
2981,6656200,1253730000.0
2982,6455693,339618000.0
2983,6648324,1555260000.0
2984,6678316,198375000.0
2985,6417833,282232080.0
2986,6780182,745890000.0
2987,6768288,250365120.0
2988,6759028,114264000.0
2989,6670034,123309900.0
2990,6704484,1361646000.0
2991,6377059,228210600.0
2992,6213048,682410000.0
2993,6468216,99500001.0
2994,6672983,285000000.0
2995,6665358,85000000.0
2996,6759017,78000000.0
2997,6694540,139990000.0
2998,6713955,374500260.0
2999,6066192,745890000.0
3000,6679596,856980000.0
3001,2344914,230000000.0
3002,5901365,631626000.0
3003,6485050,1333080000.0
3004,6233842,3332700000.0
3005,5781905,657018000.0
3006,3860907,517362000.0
3007,6216837,195994500.0
3008,6482981,39000000.0
3009,6673876,412620000.0
3010,5856944,485622000.0
3011,6681297,319990000.0
3012,6677587,285628260.0
3013,6635778,300000000.0
3014,6679642,728401260.0
3015,6296696,634800000.0
3016,6403293,469752000.0
3017,6280538,390402000.0
3018,6569653,406272000.0
3019,6085826,148899958.0
3020,6758973,192000000.0
3021,6151438,260000000.0
3022,5344583,169900000.0
3023,6182313,125000000.0
3024,5834702,150000000.0
3025,6672460,85000000.0
3026,5346521,349900000.0
3027,6767716,187266000.0
3028,6758951,155000000.0
3029,6694474,74990000.0
3030,6670753,560000000.0
3031,6753010,126000000.0
3032,4787527,193614000.0
3033,6129276,517362000.0
3034,6074476,438012000.0
3035,6767655,280899000.0
3036,5298237,856980000.0
3037,6670136,115000000.0
3038,6656984,77000000.0
3039,6211447,50000000.0
3040,6082581,1171206000.0
3041,6113681,190122600.0
3042,5932221,345966000.0
3043,6767614,856980000.0
3044,6758903,120000000.0
3045,6681193,199999990.0
3046,6655442,507840000.0
3047,6550053,50000000.0
3048,6253095,144417000.0
3049,5503646,199962000.0
3050,6671994,118900000.0
3051,6767585,87285000.0
3052,6758884,120000000.0
3053,5612380,165048000.0
3054,6656551,125373000.0
3055,6550042,50000000.0
3056,6319731,198000000.0
3057,5589447,155000000.0
3058,5781584,450000000.0
3059,6767447,292008000.0
3060,6758865,135000000.0
3061,6652645,138000000.0
3062,6649290,75000000.0
3063,6543889,152352000.0
3064,6094480,406906800.0
3065,6387735,250746000.0
3066,6674229,175000000.0
3067,6767401,140576460.0
3068,6758836,228210600.0
3069,5462579,158000000.0
3070,6621925,80000000.0
3071,6544155,252333000.0
3072,5720773,120612000.0
3073,6234679,190440000.0
3074,6081603,806196000.0
3075,6767390,128547000.0
3076,6758819,96489600.0
3077,6688314,415984440.0
3078,6554529,167333280.0
3079,6210114,52000000.0
3080,6202628,530058000.0
3081,6779047,120612000.0
3082,6563683,90000000.0
3083,6767378,100298400.0
3084,6758799,123786000.0
3085,6655515,338031000.0
3086,6677781,179990000.0
3087,5717776,279312000.0
3088,6099524,199000000.0
3089,6778991,68000000.0
3090,3407802,320000000.0
3091,6681597,1523488260.0
3092,6758776,410000000.0
3093,6676395,153500000.0
3094,1938457,596712000.0
3095,6752787,160000000.0
3096,6245036,438012000.0
3097,6240343,539357820.0
3098,6338453,82000000.0
3099,6304048,399924000.0
3100,6662127,284707800.0
3101,6654499,350000000.0
3102,6656416,723672000.0
3103,5109178,290000000.0
3104,6679573,460230000.0
3105,6468669,158700000.0
3106,5725341,192027000.0
3107,6766739,85000000.0
3108,6758679,150000000.0
3109,6294821,312639000.0
3110,6557988,155000000.0
3111,6544071,147591000.0
3112,6113898,83000100.0
3113,6162874,1028376000.0
3114,5891381,257094000.0
3115,6766715,618930000.0
3116,6758657,258000000.0
3117,6675834,98990000.0
3118,6681215,99990000.0
3119,5415980,160287000.0
3120,6063158,1006158000.0
3121,6070732,120000000.0
3122,6537483,113000000.0
3123,5916779,117000000.0
3124,6730202,48000000.0
3125,6660938,80000000.0
3126,5893319,507840000.0
3127,5714468,260000000.0
3128,6368333,96172200.0
3129,4715440,82000000.0
3130,4838926,1047420000.0
3131,6112843,120000000.0
3132,6292169,80000000.0
3133,6181749,170761200.0
3134,6382149,180000000.0
3135,6379498,163238820.0
3136,5775122,496731000.0
3137,6281466,500000000.0
3138,2652853,396750000.0
3139,6015366,269790000.0
3140,6505052,146004000.0
3141,6222613,210000000.0
3142,6521658,100000000.0
3143,6045729,123000000.0
3144,5922291,618612600.0
3145,6723658,150000000.0
3146,6660484,1571130000.0
3147,6515601,159990000.0
3148,6752657,95000000.0
3149,6205137,95000000.0
3150,4662128,45000000.0
3151,6733868,75000000.0
3152,5704152,345000000.0
3153,4646713,149000000.0
3154,6512147,165000000.0
3155,6649226,56000000.0
3156,6526849,333270000.0
3157,6565856,371358000.0
3158,5988482,349140000.0
3159,6274726,80000000.0
3160,6068005,70000000.0
3161,6512073,168222000.0
3162,6643472,371358000.0
3163,6284590,350000000.0
3164,6372592,85698000.0
3165,6733770,666540000.0
3166,6723197,100000000.0
3167,5923980,60306000.0
3168,6509977,155000000.0
3169,6543804,151495020.0
3170,5346517,388497600.0
3171,6095438,514188000.0
3172,6446784,612582000.0
3173,6072363,261855000.0
3174,5877885,83000000.0
3175,3412980,168222000.0
3176,6295397,133022340.0
3177,4212729,680000000.0
3178,6738377,111090000.0
3179,4974638,539262600.0
3180,6722909,160000000.0
3181,5871442,140000000.0
3182,5410554,68000000.0
3183,4874145,95000000.0
3184,4861472,145000000.0
3185,6738254,888720000.0
3186,6733628,105000000.0
3187,6628121,95000000.0
3188,5853383,55000000.0
3189,6359979,140000000.0
3190,6544346,118000000.0
3191,6466199,85000000.0
3192,5985343,53000000.0
3193,6636113,476100000.0
3194,6717306,85000000.0
3195,5308142,237954780.0
3196,6504751,172000000.0
3197,3163265,1045833000.0
3198,6112781,147591000.0
3199,5491859,888402600.0
3200,5345603,967752600.0
3201,6426782,89506800.0
3202,5013418,138000000.0
3203,6504669,71415000.0
3204,6222936,83793600.0
3205,6212137,1237860000.0
3206,6281432,602742600.0
3207,5820820,571320000.0
3208,6717232,85000000.0
3209,6421004,74000000.0
3210,6504311,45000000.0
3211,6382410,99346200.0
3212,5436570,428490000.0
3213,6205164,73000000.0
3214,6359450,262870680.0
3215,5733202,80000000.0
3216,6466346,129500000.0
3217,3530823,350000000.0
3218,6370787,303720060.0
3219,6357425,568146000.0
3220,6738195,45000000.0
3221,4821240,714150000.0
3222,5030714,74000000.0
3223,6466390,140000000.0
3224,3999202,288834000.0
3225,6146441,131721000.0
3226,6377064,163810140.0
3227,6738143,74999990.0
3228,6362345,71415000.0
3229,4947584,71891100.0
3230,4688208,80000000.0
3231,3958725,158700000.0
3232,1844265,476100000.0
3233,6351546,122452920.0
3234,6738123,71999990.0
3235,5136139,341205000.0
3236,4737268,210404460.0
3237,5863736,120000000.0
3238,3956637,190440000.0
3239,4573131,238050000.0
3240,6299577,78000000.0
3241,6738092,140259060.0
3242,5917953,111090000.0
3243,4601077,158700000.0
3244,6657685,95000000.0
3245,4743447,1428300000.0
3246,6648398,695106000.0
3247,4986305,460230000.0
3248,6738062,153304200.0
3249,6434040,720498000.0
3250,5340637,94000000.0
3251,6452611,130000000.0
3252,4984773,153939000.0
3253,6643261,406272000.0
3254,3395897,825240000.0
3255,6738026,110201280.0
3256,6095087,697962600.0
3257,5968539,98000000.0
3258,6058902,51000000.0
3259,5360838,220000000.0
3260,5857676,523710000.0
3261,6526312,275820600.0
3262,6737948,220000000.0
3263,6289852,245000000.0
3264,6134236,160000000.0
3265,5704621,126960000.0
3266,5630201,95000000.0
3267,2532667,587190000.0
3268,5393790,69000000.0
3269,3597206,110000000.0
3270,3788526,160000000.0
3271,6146828,87000000.0
3272,5783006,115000000.0
3273,5689098,123000000.0
3274,6647635,105117755.0
3275,6539534,130000000.0
3276,6737673,104742000.0
3277,4143138,65000000.0
3278,6717113,83000000.0
3279,5034637,120000000.0
3280,5778490,132038400.0
3281,6548649,549102000.0
3282,6525847,587190000.0
3283,6201227,5500.0
3284,6628332,130000000.0
3285,5750755,86000000.0
3286,4744781,139900000.0
3287,5787530,140000000.0
3288,6379314,147591000.0
3289,6173484,348505200.0
3290,6201304,122833800.0
3291,5919303,450000000.0
3292,6551498,345000000.0
3293,6650426,52000000.0
3294,5789786,275000000.0
3295,5856861,484035000.0
3296,6743853,148000000.0
3297,6355152,238050000.0
3298,5491580,170000000.0
3299,6716881,4430.0
3300,6491193,444360000.0
3301,5920235,120000000.0
3302,6452414,70000000.0
3303,5788720,60000000.0
3304,6442089,105000000.0
3305,6529164,325652400.0
3306,6344034,90000000.0
3307,6256222,1218816000.0
3308,5929084,634800000.0
3309,5345651,2186886000.0
3310,5713860,907764000.0
3311,5644643,215000000.0
3312,6447576,248000000.0
3313,6600235,38000000.0
3314,6650308,95000000.0
3315,6206151,165000000.0
3316,6095179,299000000.0
3317,5717618,657018000.0
3318,5445685,75000000.0
3319,6565823,428490000.0
3320,4835546,70000000.0
3321,6649779,130356180.0
3322,6147395,105000000.0
3323,6471107,129000000.0
3324,6526070,1060116000.0
3325,5923216,86000000.0
3326,5257194,323748000.0
3327,6637047,78000000.0
3328,6649656,284073000.0
3329,6215368,600520800.0
3330,6648481,1571130000.0
3331,6452420,66019200.0
3332,6736916,80937000.0
3333,5851837,235000000.0
3334,6716730,115000000.0
3335,6641953,360249000.0
3336,6215350,536406000.0
3337,6289056,874437000.0
3338,5627908,130000000.0
3339,6195518,210000000.0
3340,6733230,85000000.0
3341,6251464,53000000.0
3342,6641799,85698000.0
3343,6215332,533232000.0
3344,6210816,126960000.0
3345,6524217,720498000.0
3346,5717068,1745700000.0
3347,6361190,888720000.0
3348,6716582,145000000.0
3349,6641711,180000000.0
3350,6215260,588777000.0
3351,6643690,92000000.0
3352,5711446,500000000.0
3353,5094219,561480600.0
3354,6361579,250000000.0
3355,6716356,161874000.0
3356,6641695,62000000.0
3357,6291565,96807000.0
3358,6549242,185000000.0
3359,6526341,269790000.0
3360,6736741,119025000.0
3361,5149108,150000000.0
3362,5506069,140000000.0
3363,6280930,50000000.0
3364,6381911,377706000.0
3365,2929277,260000000.0
3366,6640588,270000000.0
3367,6736696,297562500.0
3368,6282933,117120600.0
3369,5570334,57000000.0
3370,5842403,185000000.0
3371,6390494,70000000.0
3372,6643778,314226000.0
3373,6367338,809370000.0
3374,6736661,580842000.0
3375,6634744,222180000.0
3376,6323384,125000000.0
3377,6641406,100000000.0
3378,6503271,72684600.0
3379,4895748,640000000.0
3380,3593078,761760000.0
3381,6736643,339618000.0
3382,3868103,333270000.0
3383,6348127,115000000.0
3384,6004706,80000000.0
3385,6322790,197581500.0
3386,5855686,85000000.0
3387,6526123,726846000.0
3388,6205174,77000000.0
3389,6458950,71415000.0
3390,6347604,69000000.0
3391,6286215,110000000.0
3392,5625104,125000000.0
3393,6752125,150000000.0
3394,5923212,340000000.0
3395,6736611,81508320.0
3396,6733412,135000000.0
3397,6348424,125000000.0
3398,6641268,161874000.0
3399,5444681,142830000.0
3400,6752117,130000000.0
3401,6526151,587190000.0
3402,6736581,257601840.0
3403,3724951,949026000.0
3404,6363646,137000000.0
3405,6641236,170000000.0
3406,6499563,105000000.0
3407,6752110,65000000.0
3408,6743466,230000000.0
3409,6736569,119025000.0
3410,6733381,220000000.0
3411,6363691,78000000.0
3412,6640887,345000000.0
3413,6410620,75000000.0
3414,6303516,157000000.0
3415,6453602,818035020.0
3416,6736407,297562500.0
3417,6519333,383197020.0
3418,6370280,42000000.0
3419,6419312,56500000.0
3420,6166755,80000000.0
3421,6751976,80778300.0
3422,5991381,253285200.0
3423,6736388,158636520.0
3424,5475700,85000000.0
3425,6370188,75000000.0
3426,6274503,160000000.0
3427,5841437,209484000.0
3428,3339913,482448000.0
3429,6525973,726846000.0
3430,6736347,70018440.0
3431,5918062,64000000.0
3432,6370028,110000000.0
3433,5472511,140000000.0
3434,6494269,170000000.0
3435,6751729,74589000.0
3436,5351605,688758000.0
3437,6129342,203199480.0
3438,6514280,580842000.0
3439,6369903,57000000.0
3440,5022701,350000000.0
3441,6166146,115000000.0
3442,6751697,126960000.0
3443,6640348,100000000.0
3444,6736293,211610580.0
3445,6200354,409446000.0
3446,6370691,260000000.0
3447,6638733,80000000.0
3448,6164500,84000000.0
3449,6209632,303751800.0
3450,6205310,856980000.0
3451,6736285,102202800.0
3452,6446323,86935860.0
3453,6370714,195000000.0
3454,6279888,179000000.0
3455,6491442,77000000.0
3456,6452461,57000000.0
3457,6276238,855393000.0
3458,6736253,114264000.0
3459,2894058,1364820000.0
3460,6370741,85000000.0
3461,6636806,180000000.0
3462,6491142,101568000.0
3463,5991444,253285200.0
3464,6097072,999810000.0
3465,6736205,61702560.0
3466,6661302,100139700.0
3467,6716306,175000000.0
3468,6247085,135000000.0
3469,6042568,64990000.0
3470,6751192,1142640000.0
3471,5451263,95000000.0
3472,6736188,65860500.0
3473,5906896,730020000.0
3474,6510025,45000000.0
3475,6636568,90000000.0
3476,6490726,106000000.0
3477,6750871,99000000.0
3478,6522756,160000000.0
3479,6736163,86523240.0
3480,5923204,293595000.0
3481,6715809,152352000.0
3482,6274307,380880000.0
3483,6490705,225354000.0
3484,4974472,150000000.0
3485,5520899,704628000.0
3486,6736135,66654000.0
3487,6537398,126000000.0
3488,3555876,298000000.0
3489,6274343,61200000.0
3490,6489671,190000000.0
3491,6750858,120000000.0
3492,3911929,132692244.0
3493,6735819,85000000.0
3494,6630041,160000000.0
3495,6709922,145273980.0
3496,6634053,45000000.0
3497,6489456,72000000.0
3498,6750817,120000000.0
3499,6738921,155208600.0
3500,6735987,205992600.0
3501,5968722,75000000.0
3502,6709739,138000000.0
3503,3997446,120000000.0
3504,6489146,165000000.0
3505,6750728,332635200.0
3506,5669935,2856600000.0
3507,6735955,269790000.0
3508,4886947,125000000.0
3509,6709676,241224000.0
3510,6633651,533232000.0
3511,6488146,279312000.0
3512,6750686,544341000.0
3513,6451280,1142640000.0
3514,6735932,123786000.0
3515,6355980,111090000.0
3516,6709491,135371100.0
3517,5789367,324700200.0
3518,6488867,120000000.0
3519,6750617,180918000.0
3520,6525913,983940000.0
3521,3155498,841110000.0
3522,6359502,171396000.0
3523,3550011,89000000.0
3524,6628136,75319020.0
3525,6488423,150000000.0
3526,4771816,350000000.0
3527,5441215,70000000.0
3528,6735226,222180000.0
3529,5710665,714150000.0
3530,6709162,1047420000.0
3531,6551071,85000000.0
3532,6488117,147000000.0
3533,6642482,282486000.0
3534,5436777,303117000.0
3535,4842252,297000000.0
3536,6432894,118000000.0
3537,4795334,68500000.0
3538,6627948,135000000.0
3539,6488045,165000000.0
3540,6750184,233289000.0
3541,6525897,377706000.0
3542,6289864,90000000.0
3543,5714536,290000000.0
3544,5613900,175000000.0
3545,6515712,380880000.0
3546,6488015,420000000.0
3547,6290917,621088320.0
3548,5436713,212658000.0
3549,6519362,65067000.0
3550,5546995,491970000.0
3551,6272320,80000000.0
3552,5884428,50000000.0
3553,6487990,138703800.0
3554,5788724,100000000.0
3555,6452436,77000000.0
3556,6361285,631626000.0
3557,6360899,425316000.0
3558,6626813,186789900.0
3559,6706557,745572600.0
3560,6487966,98000000.0
3561,6749988,618930000.0
3562,6024988,195000000.0
3563,5442038,270000000.0
3564,6734416,214245000.0
3565,6619716,80000000.0
3566,6705849,593538000.0
3567,5582659,260000000.0
3568,6749973,295000000.0
3569,6205154,67000000.0
3570,6353225,135000000.0
3571,6039716,105000000.0
3572,6619564,153000000.0
3573,6705733,1164540600.0
3574,6134502,196788000.0
3575,6749870,904272600.0
3576,6535236,783978000.0
3577,5294134,330000000.0
3578,4753704,85000000.0
3579,4738196,78000000.0
3580,6705555,350000000.0
3581,6476157,491970000.0
3582,6749824,904272600.0
3583,6142512,520000000.0
3584,6463199,135000000.0
3585,5969421,205000000.0
3586,5267173,148000000.0
3587,6705375,586872600.0
3588,6166700,140000000.0
3589,6749746,707802000.0
3590,5445191,1269600000.0
3591,6103483,100000000.0
3592,5710632,1396560000.0
3593,6133857,160000000.0
3594,6641012,22990.0
3595,6475000,150000000.0
3596,6456719,125000000.0
3597,5503142,130000000.0
3598,6100802,130000000.0
3599,6530519,135000000.0
3600,6613736,180000000.0
3601,6354849,101568000.0
3602,6474977,98000000.0
3603,5715399,250000000.0
3604,6044704,212658000.0
3605,6632343,170000000.0
3606,4711288,135000000.0
3607,6246715,85000000.0
3608,6029956,55000000.0
3609,6474937,140000000.0
3610,6391604,333270000.0
3611,6150606,332952600.0
3612,5408844,82500000.0
3613,5335842,507840000.0
3614,6612686,135000000.0
3615,4643485,136000000.0
3616,6474913,110000000.0
3617,5663151,84000000.0
3618,6368355,155526000.0
3619,5457227,300000000.0
3620,5974919,495144000.0
3621,6611448,257601840.0
3622,6641071,882054600.0
3623,6474574,95000000.0
3624,6645548,125000000.0
3625,6526044,602742600.0
3626,6360921,952200000.0
3627,5452739,55000000.0
3628,5680654,67000000.0
3629,3991580,196788000.0
3630,6474019,130000000.0
3631,6425753,163238820.0
3632,3308191,130000000.0
3633,6432655,277725000.0
3634,6734150,95000000.0
3635,6608645,282644700.0
3636,6699107,160000000.0
3637,6316573,175000000.0
3638,5435611,920460000.0
3639,5978641,745890000.0
3640,6632550,75000000.0
3641,6368772,75000000.0
3642,6154658,193614000.0
3643,6698816,89000000.0
3644,6465973,84111000.0
3645,6532629,368501400.0
3646,6535271,634800000.0
3647,6519598,93000000.0
3648,4112448,112042200.0
3649,6046673,140000000.0
3650,4863233,160000000.0
3651,6470531,119900000.0
3652,6359052,952200000.0
3653,5579140,121000000.0
3654,5838199,92000000.0
3655,5050621,695106000.0
3656,6319189,165048000.0
3657,6698654,66654000.0
3658,6469989,160000000.0
3659,6211093,54000000.0
3660,6537900,707802000.0
3661,6632425,349140000.0
3662,6033077,87000000.0
3663,6304487,66500000.0
3664,6698621,349140000.0
3665,6442724,297086400.0
3666,6747983,377706000.0
3667,6542276,128547000.0
3668,6204781,144417000.0
3669,5980466,146162700.0
3670,6274475,220000000.0
3671,6315982,139000000.0
3672,6465934,140000000.0
3673,5154428,1206120000.0
3674,6526000,450708000.0
3675,6425678,153000000.0
3676,5107272,698280000.0
3677,5871232,125000000.0
3678,6692868,180000000.0
3679,5841656,93000000.0
3680,5437610,285000000.0
3681,6448504,100000000.0
3682,6732931,63000000.0
3683,5388423,910938000.0
3684,5407645,71922840.0
3685,6692780,130000000.0
3686,6465796,853806000.0
3687,6747591,856980000.0
3688,6639497,282486000.0
3689,5978838,977592000.0
3690,5771549,240000000.0
3691,5819670,77255160.0
3692,6418843,600000000.0
3693,6465343,90000000.0
3694,6747559,428490000.0
3695,3353547,544341000.0
3696,6624529,269790000.0
3697,5776113,50000000.0
3698,6592999,145000000.0
3699,6657837,342792000.0
3700,6354210,45000000.0
3701,6747156,140259060.0
3702,6537363,114264000.0
3703,6045712,147591000.0
3704,3170405,730020000.0
3705,5945298,872850000.0
3706,6385626,75000000.0
3707,6104046,120000000.0
3708,6747145,300000000.0
3709,5542079,190000000.0
3710,6732862,170000000.0
3711,5716837,917286000.0
3712,6588796,215832000.0
3713,5461254,82000000.0
3714,4743852,128000000.0
3715,6746999,170000000.0
3716,6541830,536406000.0
3717,6632517,40000000.0
3718,4936161,140000000.0
3719,6588720,110747208.0
3720,6692328,
3721,6080373,220593000.0
3722,6644422,155000000.0
3723,2832783,409446000.0
3724,5710751,84809280.0
3725,5714656,569733000.0
3726,6588424,196788000.0
3727,6691867,825240000.0
3728,5052924,79000000.0
3729,6746821,126960000.0
3730,6526223,809370000.0
3731,5981188,123000000.0
3732,5496321,571002600.0
3733,6370399,174900000.0
3734,6691060,130000000.0
3735,5857969,145000000.0
3736,5496004,80000000.0
3737,5002732,150000000.0
3738,2658528,1396560000.0
3739,6290892,135000000.0
3740,3166902,215000000.0
3741,6690624,49500.0
3742,5453944,95000000.0
3743,6328016,459912600.0
3744,5848581,290928840.0
3745,6367812,472926000.0
3746,3725098,1034724000.0
3747,3604008,75000000.0
3748,6690328,882372000.0
3749,5689112,90000000.0
3750,6746702,468165000.0
3751,4961157,250000000.0
3752,6632001,135000000.0
3753,6446939,285000000.0
3754,5045743,120000000.0
3755,6068165,200000000.0
3756,6452928,115000000.0
3757,6746675,85000000.0
3758,6295301,174570000.0
3759,2994168,507840000.0
3760,6537435,97000000.0
3761,5986792,206310000.0
3762,6689342,216149400.0
3763,6118199,80000000.0
3764,6536579,
3765,5788722,80000000.0
3766,6518849,70000000.0
3767,1370186,666381300.0
3768,6454947,399924000.0
3769,6689255,55000000.0
3770,6370560,141243000.0
3771,6746292,160000000.0
3772,4812917,908430540.0
3773,5714065,425316000.0
3774,3429349,571320000.0
3775,3579858,40000000.0
3776,6273225,145000000.0
3777,5110566,447534000.0
3778,6745408,126642600.0
3779,6525881,571320000.0
3780,6516769,85380600.0
3781,5840452,239002200.0
3782,5950318,86990000.0
3783,6688821,65000000.0
3784,5553519,300000000.0
3785,6745296,682410000.0
3786,6199683,371358000.0
3787,6523616,822066000.0
3788,5844936,110000000.0
3789,5950356,66900000.0
3790,6279663,134000000.0
3791,6448807,60000000.0
3792,4812981,110000000.0
3793,6380419,55000000.0
3794,6628359,631626000.0
3795,5491521,125000000.0
3796,6280827,145000000.0
3797,5415777,113311800.0
3798,4990001,83000000.0
3799,6745174,728433000.0
3800,5437171,212658000.0
3801,6632103,390000000.0
3802,5832266,250000000.0
3803,6564148,276138000.0
3804,4658757,150765000.0
3805,6100771,2063100000.0
3806,5351609,1237542600.0
3807,5784732,428490000.0
3808,6632667,109820400.0
3809,4857772,325000000.0
3810,5928715,67000000.0
3811,6685083,180918000.0
3812,6326166,271377000.0
3813,5922213,60000000.0
3814,5440263,682410000.0
3815,6629066,75223800.0
3816,6541886,250000000.0
3817,6383759,78000000.0
3818,6685052,85000000.0
3819,6443359,132070140.0
3820,2994325,7935000000000.0
3821,6587650,783978000.0
3822,6628881,1587000000.0
3823,6558629,135783720.0
3824,6571170,120612000.0
3825,6685024,143000000.0
3826,6442375,618930000.0
3827,5335034,79350000.0
3828,6366723,461817000.0
3829,6632613,65000000.0
3830,6550244,138000000.0
3831,6570798,250000000.0
3832,5287599,85000000.0
3833,4954665,125000000.0
3834,6373663,98000000.0
3835,6743011,150225420.0
3836,6519464,285660000.0
3837,6550137,75000000.0
3838,6570755,90000000.0
3839,5871894,137307240.0
3840,6042762,142830000.0
3841,6343298,714150000.0
3842,6742952,317500000.0
3843,6629236,641148000.0
3844,6515891,75000000.0
3845,5893674,60000000.0
3846,5976899,130000000.0
3847,6091528,434838000.0
3848,6745001,67500000.0
3849,6742857,768108000.0
3850,5714665,323748000.0
3851,6466881,82000000.0
3852,4935214,485622000.0
3853,6683212,140000000.0
3854,6182128,142830000.0
3855,5785989,40000000.0
3856,6527249,404589780.0
3857,6361227,371358000.0
3858,6461716,150000000.0
3859,6354366,58000000.0
3860,4702416,74999000.0
3861,6337253,120000000.0
3862,6744920,180000000.0
3863,6521727,194999999.0
3864,6279374,569733000.0
3865,6446659,140000000.0
3866,6567112,126000000.0
3867,6682915,48000000.0
3868,6431402,70000000.0
3869,5503134,380880000.0
3870,6742082,343279484.0
3871,6128356,113311800.0
3872,4909769,326922000.0
3873,5704094,72000000.0
3874,6682443,78000000.0
3875,6431360,115000000.0
3876,6744849,280000000.0
3877,6742017,150000000.0
3878,6629443,345966000.0
3879,5556886,374214600.0
3880,6171167,460230000.0
3881,6682359,78000000.0
3882,6121795,571320000.0
3883,6744825,76500000.0
3884,5335621,267885600.0
3885,6525535,110000000.0
3886,6290900,61500000.0
3887,3524579,65000000.0
3888,6675761,85000000.0
3889,4977833,167587200.0
3890,5154571,917286000.0
3891,6741918,230432400.0
3892,6275457,123786000.0
3893,6598769,491970000.0
3894,6167225,88000000.0
3895,5085135,217419000.0
3896,4977857,167587200.0
3897,6526651,158382600.0
3898,5983041,131721000.0
3899,6528151,130451400.0
3900,6541133,80000000.0
3901,5712648,380276940.0
3902,6177864,625278000.0
3903,5776253,577668000.0
3904,6744681,85698000.0
3905,6290250,682410000.0
3906,6434010,155000000.0
3907,2604942,380000000.0
3908,6559843,80000000.0
3909,6674961,68000000.0
3910,4977879,335174400.0
3911,6066195,745890000.0
3912,6741154,349140000.0
3913,6518119,75000000.0
3914,6446466,349140000.0
3915,6559785,145000000.0
3916,6067888,133000000.0
3917,6032811,3332700000.0
3918,6639082,198000000.0
3919,5779127,260000000.0
3920,6632308,105000000.0
3921,3178358,949026000.0
3922,6559397,80000000.0
3923,6469697,144417000.0
3924,5314376,507840000.0
3925,5002695,113000000.0
3926,6739405,793500000.0
3927,6429443,200057220.0
3928,6335749,142830000.0
3929,5062073,73002000.0
3930,6674467,120000000.0
3931,6186867,317336520.0
3932,5437457,536406000.0
3933,6739372,93000000.0
3934,6632074,160000000.0
3935,5978643,618930000.0
3936,6551288,56000000.0
3937,6674433,88427640.0
3938,5786282,168983760.0
3939,6150638,1074399000.0
3940,5387181,150000000.0
3941,6250335,44700000.0
3942,5432619,60000000.0
3943,6427896,70000000.0
3944,5972915,87000000.0
3945,6290737,460230000.0
3946,5367313,75000000.0
3947,6352986,571320000.0
3948,6542860,65000000.0
3949,5878040,127000000.0
3950,4718079,180000000.0
3951,6639479,285660000.0
3952,5716003,333270000.0
3953,5923088,78000000.0
3954,5717313,92000000.0
3955,6317402,155000000.0
3956,6668269,66500000.0
3957,6292810,1110900000.0
3958,6542228,54000000.0
3959,6628763,78000000.0
3960,6445493,100000000.0
3961,6546984,41000000.0
3962,5337141,120000000.0
3963,6308509,311908980.0
3964,5334757,571320000.0
3965,6630333,130134000.0
3966,6448352,101568000.0
3967,6546764,230000000.0
3968,6593454,66000000.0
3969,5084300,450000000.0
3970,6488629,244398000.0
3971,6730693,160000000.0
3972,6629819,885546000.0
3973,5062424,90000000.0
3974,6667138,729702600.0
3975,6744403,20700.0
3976,5207841,650670000.0
3977,5085566,135000000.0
3978,5174745,110000000.0
3979,6546662,48000000.0
3980,6667078,85000000.0
3981,5346559,730020000.0
3982,5922361,945820260.0
3983,6730435,180000000.0
3984,5149223,126960000.0
3985,4720962,55000000.0
3986,6183980,90000000.0
3987,6541001,360000000.0
3988,5393727,380880000.0
3989,6717275,555450000.0
3990,6537465,89000000.0
3991,5903897,150000000.0
3992,6664270,150000000.0
3993,6488636,142830000.0
3994,6739085,53000000.0
3995,6716016,83500000.0
3996,5449193,85000000.0
3997,3981213,95000000.0
3998,6260597,140000000.0
3999,6637858,72684600.0
4000,6739078,165000000.0
4001,6730264,285000000.0
4002,5969297,612582000.0
4003,6543092,180000000.0
4004,6004371,160000000.0
4005,6526101,571320000.0
4006,6031520,395163000.0
4007,6037624,200000000.0
4008,5714434,88000000.0
4009,6418802,1110900000.0
4010,6661022,825240000.0
4011,6640254,160000000.0
4012,6739011,197000000.0
4013,6348182,293595000.0
4014,6139731,555450000.0
4015,6516582,80000000.0
4016,6660964,32000.0
