,Codigo_Aviso,Valor_UF
0,5592922,4788.91
1,6031175,15300.0
2,3995128,5513.55
3,6503735,3465.66
4,6600605,4253.31
5,6598325,4250.0
6,6720221,3056.08
7,6071448,4190.3
8,6638667,3308.13
9,6033126,1890.36
10,5676395,12287.0
11,6712357,15480.0
12,6715569,2200.0
13,6176022,4625.0
14,6722161,19800.0
15,6028407,28000.0
16,6176889,4725.9
17,6724521,45000.0
18,5857769,17643.35
19,3725140,29900.0
20,6772634,5045.0
21,6707447,27000.0
22,6420408,10480.0
23,6424273,3465.66
24,6627452,2205.42
25,5767202,18700.0
26,5933236,4095.78
27,6707771,7200.0
28,6105617,11000.0
29,6501607,2457.47
30,4973735,6931.32
31,5897163,5800.0
32,6620249,2362.95
33,6426325,7000.0
34,6328970,10800.0
35,6440629,11750.0
36,6797712,4095.78
37,5260810,11790.0
38,5813458,17000.0
39,3507346,38000.0
40,3988745,9900.0
41,5899618,18700.0
42,6425368,2678.01
43,6702919,24900.0
44,6797686,3245.12
45,5900349,4725.9
46,6426517,4883.43
47,5803436,6300.0
48,5311878,7718.97
49,6459064,32600.0
50,6689153,1600.0
51,6604189,2900.0
52,6512394,1827.35
53,6456667,3465.66
54,6728941,8200.0
55,6400375,18000.0
56,6452882,3600.0
57,6618228,3780.72
58,6838017,23000.0
59,5902147,2236.93
60,6797635,0.18
61,6819664,1984.88
62,6729279,32390.0
63,6623708,9136.74
64,5842377,6850.0
65,6614821,4662.89
66,4084549,4568.37
67,6710587,2268.43
68,6719259,2362.95
69,6600519,3334.0
70,6509667,2520.48
71,5559749,4347.83
72,5634813,14500.0
73,6351981,9485.0
74,5907606,2646.5
75,6715597,4810.0
76,6719449,12890.0
77,5825990,2800.0
78,6618230,1575.3
79,5714295,16993.0
80,5811333,7876.5
81,4911290,3780.72
82,6415539,9150.0
83,6256754,33500.0
84,6797559,6931.32
85,6518105,3119.09
86,2672835,4253.31
87,5973194,20163.83
88,6607821,4095.78
89,6265360,10500.0
90,6828968,4100.0
91,6599873,29615.63
92,5896803,34000.0
93,6071840,8199.0
94,5484965,7990.0
95,6028173,2205.42
96,6515754,5750.0
97,6398346,9900.0
98,6797785,5356.02
99,6519248,16800.0
100,4702081,17840.0
101,4573014,2804.03
102,6426499,9451.8
103,6361260,31800.0
104,6594454,5828.61
105,6285221,2583.49
106,6790090,4410.84
107,5896871,6700.0
108,6713736,2741.02
109,6819119,3150.0
110,6834560,3087.59
111,6626102,2362.95
112,6594013,2400.0
113,6725201,5198.49
114,6789949,4347.83
115,6186893,29700.0
116,6791067,4725.9
117,5172676,11499.68
118,6724223,6100.0
119,6558073,4890.0
120,6457718,5513.55
121,6830894,4410.84
122,6666775,4600.0
123,6714362,2205.42
124,6790850,4725.9
125,6342739,10081.92
126,6618683,9924.39
127,6624576,5198.49
128,5043539,2110.9
129,5111303,2110.9
130,6666772,4600.0
131,5874058,3938.25
132,6790560,4568.37
133,5696675,3686.2
134,6039397,3780.72
135,6623397,4725.9
136,4002547,28000.0
137,6508640,7561.44
138,3589486,2615.0
139,6556782,15000.0
140,6144441,23500.0
141,6555370,9000.0
142,6560088,2425.96
143,5781571,2520.48
144,4655401,13870.0
145,6412876,14300.0
146,6789118,1890.36
147,3155120,15500.0
148,6208548,2678.01
149,5268551,4883.43
150,6618780,1827.35
151,6838250,7876.5
152,4908368,14000.0
153,6622934,5639.57
154,6792918,2993.07
155,6711466,1800.0
156,6434223,3150.6
157,6265338,12995.0
158,6726667,14500.0
159,6033099,2425.96
160,6567304,4820.42
161,3992546,24574.67
162,6818900,4568.37
163,6710614,4830.0
164,6789800,3623.19
165,6818929,8506.62
166,5822312,2362.95
167,3994285,20000.0
168,5884120,1638.31
169,5828023,4064.27
170,6316675,125000000.0
171,6602122,3686.2
172,6789666,2835.54
173,6116973,2205.42
174,6187345,28500.0
175,6624110,2835.22
176,6171409,2583.49
177,6615595,27000.0
178,6316543,11027.1
179,6060921,16800.0
180,5939442,7990.0
181,6601436,4725.9
182,6285209,3119.09
183,6196944,3087.59
184,6558925,6400.0
185,6506152,3827.0
186,6813236,4371.0
187,6603798,11000.0
188,4899344,6460.0
189,5819366,22500.0
190,4933138,7000.0
191,6433887,14700.0
192,6028952,4410.84
193,6726763,14800.0
194,5635327,2741.02
195,6038886,9136.74
196,5644628,2678.01
197,6710624,3472.0
198,5382474,7390.0
199,6426537,15490.0
200,6215542,4032.77
201,6720286,4410.84
202,3776733,4379.33
203,6603859,9690.0
204,6519938,2678.01
205,6701030,4900.0
206,5827842,9420.29
207,6275409,12000.0
208,6472606,3938.25
209,6351678,19500.0
210,6413962,10500.0
211,6500983,15122.87
212,6615140,3150.6
213,6360607,7200.0
214,6088760,2457.47
215,6382632,12000.0
216,6188570,2678.01
217,6615188,5100.0
218,6733893,1732.83
219,6599867,25267.8
220,6356091,26000.0
221,5584774,4095.78
222,6347291,28500.0
223,6277615,22390.0
224,6505448,5198.49
225,6722349,4960.0
226,6112257,5356.02
227,6712473,9250.0
228,4708360,22000.0
229,5853741,2299.62
230,6447872,31000.0
231,5563803,3200.0
232,6505395,11184.63
233,6508726,17600.0
234,5940868,12590.0
235,6465462,5828.61
236,6113389,5608.07
237,5718460,7403.59
238,6356312,7750.0
239,6430469,13000.0
240,6504587,9150.0
241,6513258,3103.34
242,6024178,6100.0
243,6603872,11600.0
244,6825129,5702.0
245,6818808,0.38
246,5237736,4946.44
247,5343678,13900.0
248,6118072,5009.45
249,6789219,6301.2
250,6810221,2553.0
251,5808249,7876.5
252,6610733,3550.72
253,6023575,3462.51
254,5628611,13200.0
255,6367823,29000.0
256,4690509,12602.39
257,5646284,23629.49
258,4838677,3990.0
259,6601205,1417.77
260,6609680,11490.0
261,6022837,2583.49
262,5334587,6931.32
263,5715362,6952.62
264,6181250,6200.0
265,5973260,20163.83
266,6547282,3717.71
267,6111575,13750.0
268,6719759,9451.8
269,6818705,5482.04
270,6513081,8254.57
271,6621195,3900.0
272,5054707,3400.0
273,5771611,2047.89
274,6547305,2457.47
275,6180456,3150.6
276,6825033,2520.48
277,6065310,16800.0
278,6721590,2362.95
279,6007807,27605.0
280,6491350,4725.9
281,6726246,15000.0
282,5058701,3213.61
283,5965354,5337.0
284,6693781,20750.0
285,5598978,17600.0
286,4966489,3780.72
287,4823949,46000.0
288,6474890,15122.87
289,5701773,7333.0
290,5211953,4253.31
291,6608339,16000.0
292,5445523,12100.0
293,4788551,7403.91
294,6618098,24500.0
295,6509682,6128.61
296,6467158,2835.54
297,6581931,9960.0
298,5462112,1417.77
299,6604311,1732.83
300,2935623,6175.17
301,6707786,18557.03
302,5177408,15000.0
303,6626000,5356.02
304,6457438,4398.24
305,3417405,10500.0
306,6661689,27500.0
307,6604888,7844.99
308,6824857,2000.0
309,6359377,4990.0
310,3676082,25000.0
311,6514336,5671.08
312,5890400,2804.03
313,6511151,8821.68
314,5400145,2047.89
315,5115641,13265.0
316,6182274,6000.0
317,6332316,9250.0
318,6024612,4348.0
319,6731516,5040.96
320,6144160,4500.0
321,6615017,2384.0
322,6682584,34000.0
323,6453979,16800.0
324,6719095,26000.0
325,5952940,2520.48
326,5614315,12602.39
327,6632126,4300.0
328,6004808,15122.87
329,6776151,2678.01
330,6775181,2142.41
331,6700709,15500.0
332,6717594,7876.5
333,6061089,6250.0
334,6722295,5356.02
335,6433906,10600.0
336,6457464,13500.0
337,6616214,8790.0
338,2988676,15000.0
339,5736052,16000.0
340,6824390,4568.37
341,6700582,9445.0
342,6720349,12499.0
343,6433986,3339.63
344,6457047,3938.25
345,6509674,1827.35
346,2577059,3050.0
347,3109583,9451.8
348,6712934,3022.0
349,5891319,2990.0
350,6834457,9451.8
351,6514704,9451.8
352,6128942,4410.84
353,6506227,8191.56
354,3154705,8328.0
355,5636677,2772.53
356,4958510,15000.0
357,4929761,3931.0
358,6722305,4725.9
359,5580645,24200.0
360,5389917,2678.01
361,6027751,1732.83
362,6018836,4410.84
363,3556511,15900.0
364,6701000,18700.0
365,6834313,2800.0
366,5331266,16000.0
367,5363152,24000.0
368,3020458,14807.81
369,6512748,5198.49
370,6651223,3371.14
371,6701125,11900.0
372,6528195,12950.0
373,6834307,2362.95
374,3429503,5000.0
375,4966205,5500.0
376,6399419,2205.42
377,6724093,6780.0
378,6789480,2832.39
379,4942750,2678.01
380,5624618,37000.0
381,6834201,8900.0
382,6351660,21300.0
383,5992878,3623.19
384,6397192,4662.89
385,6729778,3623.19
386,6787370,3465.66
387,6557739,16800.0
388,6511735,16800.0
389,6834179,5103.97
390,6045378,12300.0
391,5862222,8821.68
392,6626542,6301.2
393,6191776,29000.0
394,6403421,1417.77
395,6711435,14950.0
396,6429157,7490.0
397,6089925,7350.0
398,6279606,8500.0
399,6356478,2993.07
400,6112461,4410.84
401,6729096,8116.0
402,6182182,4100.0
403,6489958,16800.0
404,6710570,2362.95
405,6616419,15250.0
406,6265980,2772.53
407,5964993,11507.0
408,6496874,1953.37
409,6350164,5500.0
410,6302658,4410.84
411,5037346,10950.0
412,4720439,11550.0
413,6833795,5040.96
414,5965444,2600.0
415,6410752,2362.95
416,2850318,9294.27
417,3949389,16900.0
418,6355368,4253.31
419,6501379,18400.0
420,6700805,4095.78
421,6833589,1890.36
422,5326917,42000.0
423,6399894,2158.16
424,3020452,16000.0
425,5433120,16500.0
426,5471130,4568.37
427,5036388,5513.55
428,6701175,3087.59
429,6423076,2583.49
430,6626015,4253.31
431,5940836,3213.61
432,6717456,4095.78
433,6127205,45500.0
434,6560112,23000.0
435,6820532,2457.47
436,5423078,4850.0
437,5027375,5356.02
438,6510558,4977.95
439,6000091,2835.54
440,4681192,13700.0
441,6512775,2583.49
442,6554667,12444.86
443,6117158,2520.48
444,6514935,4300.0
445,6511088,6773.79
446,6621326,4883.43
447,6023915,5513.55
448,6117191,13500.0
449,5650077,5040.96
450,6389658,1858.85
451,6190313,45800.0
452,6178411,4158.79
453,2897721,29990.0
454,5079959,16698.17
455,6329287,1902.96
456,6115359,8990.0
457,6511574,13390.0
458,6779439,5671.08
459,5657022,17000.0
460,5100069,11600.0
461,5078236,3402.65
462,6624682,1260.24
463,2272898,14807.81
464,6655859,4422.0
465,6288834,2205.42
466,6443381,3245.12
467,6702994,28000.0
468,5039289,6616.26
469,6832658,2678.01
470,4073186,3308.13
471,3360380,6700.0
472,5434061,13000.0
473,6725445,4100.0
474,6116118,6750.0
475,1801206,33000.0
476,6462068,4160.0
477,5866235,7561.44
478,5836233,7290.0
479,5760004,2331.44
480,5810959,15311.91
481,6728798,2205.42
482,6775471,4347.83
483,6503566,10990.0
484,5662217,2457.47
485,6832632,1417.77
486,6726989,25000.0
487,6291665,2800.0
488,6500313,9990.0
489,5569214,7876.5
490,6775305,4347.83
491,6820396,5500.0
492,6037604,2268.43
493,6832322,15200.0
494,6728810,1575.3
495,6343322,6950.0
496,6724713,12200.0
497,6775234,2047.89
498,6251270,4158.79
499,5694787,10600.0
500,4826573,3402.65
501,5918832,2205.42
502,6729667,17000.0
503,6353492,17450.0
504,6512977,5671.08
505,6775203,1575.3
506,6251239,4883.43
507,6600928,5352.87
508,5322482,2835.54
509,6831830,1560.0
510,6836377,2508.0
511,6508809,7876.5
512,5901411,8506.62
513,5125446,1732.83
514,5957648,2457.47
515,6079747,3623.19
516,6602494,11500.0
517,6831808,4568.37
518,6836370,3944.0
519,4899544,5513.55
520,5881376,33000.0
521,6393175,4900.0
522,4643030,4253.31
523,6185878,5850.0
524,4771520,17750.0
525,6831789,4550.0
526,6836361,5048.0
527,6365845,2520.48
528,6834867,3150.6
529,6641660,6800.0
530,5992530,1197.23
531,6101246,15500.0
532,6060545,25500.0
533,6831758,1638.31
534,5952648,47900.0
535,1007205,14965.34
536,5713401,7088.85
537,6753942,8590.0
538,6106727,4400.0
539,5821265,13889.0
540,5821248,21650.0
541,6560078,1732.83
542,5862268,4032.77
543,6360871,19200.0
544,6202179,6190.0
545,6133981,12600.0
546,6106699,9350.0
547,6596471,14000.0
548,5874028,5400.0
549,6831687,2205.42
550,5733182,2142.41
551,6028680,8750.0
552,6727475,2993.07
553,6211465,6931.32
554,6100906,3465.66
555,6351880,8038.0
556,5084617,11027.1
557,5644393,28000.0
558,5718437,5797.1
559,6026250,13500.0
560,5895241,14200.0
561,5877070,1890.36
562,3140283,21450.0
563,6151107,16800.0
564,6019825,19500.0
565,6426276,23000.0
566,6181535,3938.25
567,5967559,19900.0
568,6726287,8000.0
569,5957735,2520.48
570,5928498,7300.0
571,6187408,16500.0
572,6606001,4410.84
573,5434234,8000.0
574,6367307,25000.0
575,5607389,3308.13
576,6724605,8500.0
577,6029530,2898.55
578,5928432,7700.0
579,6397272,4410.84
580,6169105,1669.82
581,5425813,23000.0
582,4777324,5671.08
583,6429133,8500.0
584,5911952,35900.0
585,6112557,1417.77
586,5248699,2520.16
587,6712912,2205.42
588,6812804,5009.45
589,5900364,23000.0
590,6507231,9700.0
591,6714374,4032.77
592,6122897,5671.08
593,6640049,5324.51
594,5226213,8500.0
595,4659530,11027.1
596,6601030,12172.0
597,6585910,5990.0
598,6835878,3850.0
599,5758532,22900.0
600,6727250,4110.0
601,4870914,9900.0
602,4985038,3465.66
603,6753118,2205.42
604,6454023,16800.0
605,5432840,13642.0
606,6190283,11900.0
607,5021067,28000.0
608,2470109,16000.0
609,6739305,5356.02
610,6841202,1858.85
611,6703504,27000.0
612,6598693,3780.72
613,4594432,10300.0
614,6835794,10964.08
615,5495054,5986.14
616,6404302,1512.29
617,5395066,6143.67
618,6840682,88.22
619,6523751,7800.0
620,6603773,8440.0
621,5791525,17840.0
622,6835764,4043.0
623,6030630,2394.45
624,5822666,19845.62
625,6551857,8130.0
626,6509817,5986.14
627,5607090,4410.84
628,6703112,12900.0
629,5901741,2520.48
630,6432828,2362.95
631,5552618,21700.0
632,6617376,9675.0
633,6619743,49000.0
634,6840370,4880.0
635,5827850,8979.21
636,6597204,7200.0
637,6610383,6000.0
638,4782673,4095.78
639,5944116,2678.01
640,5696638,3308.13
641,6734573,1260.24
642,6840352,11350.0
643,4026704,4410.84
644,6710814,4000.0
645,4650727,29800.0
646,6398362,12287.33
647,6712966,10000.0
648,5650043,7876.5
649,6211455,4410.84
650,6840105,35000.0
651,5100174,7095.0
652,6604296,14177.69
653,5284704,5100.0
654,6835608,2899.0
655,5765503,2142.41
656,6727333,2993.07
657,6188791,6143.67
658,5639762,5324.51
659,6555313,1910.0
660,6065270,8400.0
661,5006901,5608.07
662,6835588,6500.0
663,6713379,11900.0
664,6509406,4354.76
665,6138806,6931.32
666,6731976,5482.04
667,5044797,17840.0
668,6022422,8500.0
669,6040270,3780.72
670,6835447,1732.83
671,6503447,16200.0
672,6492896,4350.0
673,6015135,3090.0
674,3941546,12602.39
675,6713064,6931.32
676,6701144,4095.78
677,6831051,4000.0
678,6122869,2520.48
679,3890661,4395.09
680,6122708,12500.0
681,5471395,2835.54
682,5910747,12299.0
683,6007133,140000.0
684,6566327,13390.0
685,5270436,19490.0
686,6720150,17500.0
687,5310230,11200.0
688,6512255,21950.0
689,5580477,4158.79
690,6625138,75000.0
691,6132849,7088.85
692,6704882,5040.96
693,5429582,25900.0
694,6560053,3780.72
695,6420728,3308.13
696,6191879,17000.0
697,5772872,3087.59
698,6626084,2362.95
699,6708451,6500.0
700,6711414,5356.02
701,5892952,2993.07
702,6040293,5040.96
703,6529581,4095.78
704,6450010,29900.0
705,6723321,3938.25
706,6628845,50000.0
707,6603879,17190.0
708,6249424,16800.0
709,6830784,5150.0
710,6404295,2189.67
711,6343462,21000.0
712,6511175,4095.78
713,6723041,8100.0
714,6621223,2150.0
715,6122745,24100.0
716,5557393,6900.0
717,6830738,7246.38
718,4821213,13800.0
719,6204827,17950.0
720,3945167,15900.0
721,6712331,7000.0
722,6533029,12900.0
723,6599700,6301.2
724,6701250,11500.0
725,6830722,3465.66
726,6263043,5991.0
727,6556684,1512.29
728,6351630,10500.0
729,6336980,2520.48
730,6513037,3150.6
731,6599726,6301.2
732,5376309,20500.0
733,6830458,23950.0
734,6725343,5380.0
735,6032970,5671.08
736,6615156,1606.81
737,6337217,6143.67
738,6624825,12500.0
739,6610002,16800.0
740,2968947,20893.9
741,6830354,2993.07
742,5881334,45000.0
743,6823976,12800.0
744,6353217,9451.8
745,6474495,3623.19
746,5896126,15000.0
747,5723212,2362.95
748,5100336,9500.0
749,6830328,5041.0
750,5660697,9136.74
751,6717994,9000.0
752,6353235,3387.0
753,5968574,4200.0
754,5637323,2615.0
755,6601028,5040.96
756,5357640,23900.0
757,5079793,5482.04
758,5832143,18500.0
759,6823826,5040.96
760,6722228,2400.0
761,6700046,5525.0
762,6731816,8191.56
763,6194829,3780.72
764,6700872,34000.0
765,5866265,3938.25
766,6509716,1937.62
767,5662847,4568.37
768,6617958,5434.78
769,6709587,1795.84
770,6509551,7971.01
771,1933271,25000.0
772,6604325,4095.78
773,6830064,14500.0
774,6508027,5500.0
775,6823722,4410.84
776,5738773,10900.0
777,6059114,9250.0
778,6839656,4253.31
779,6499035,3030.0
780,5823603,3780.72
781,6829957,3300.0
782,5828014,5671.08
783,6713354,14150.0
784,6724900,8116.0
785,5846290,8750.0
786,6088684,1984.88
787,5627077,16000.0
788,5916768,2615.0
789,4889343,12250.0
790,6729269,3300.0
791,6704681,9609.33
792,6351510,21700.0
793,5680194,6780.0
794,6414550,16000.0
795,6818388,12600.0
796,6514395,3299.0
797,6829448,2206.0
798,6724347,5354.0
799,6823473,2520.48
800,6729013,2678.01
801,5656304,8590.0
802,6625426,6931.32
803,6419749,4253.31
804,6604302,4253.31
805,6551900,0.15
806,6361413,23800.0
807,6823379,2268.43
808,5681596,4253.31
809,6466836,4032.77
810,6621239,4735.0
811,6818301,1953.37
812,6183052,7990.0
813,6829268,5840.0
814,6506352,2392.0
815,6823240,2748.0
816,6511188,12689.1
817,6699527,9900.0
818,6433914,14505.0
819,6818267,5352.87
820,3728591,44890.0
821,6828498,3760.0
822,6282944,1669.82
823,6823215,6990.0
824,5714091,19500.0
825,6661069,0.75
826,6732018,5671.08
827,6818237,2632.02
828,6704958,25500.0
829,6828445,2050.0
830,6557679,23000.0
831,6823038,7500.0
832,5812872,13500.0
833,6672251,2741.02
834,6346862,21000.0
835,6818208,5043.88
836,6597966,8191.56
837,6717167,2835.54
838,6351961,10950.0
839,6822914,4631.38
840,6722531,13100.0
841,6399440,3087.59
842,6839400,5828.61
843,6443882,12900.0
844,6604773,3780.72
845,6827947,3308.13
846,5637341,6301.2
847,6033397,22500.0
848,6009959,2678.01
849,6111339,2205.42
850,6131096,10239.45
851,6818137,9136.74
852,6820048,2613.0
853,5866256,3938.25
854,6725465,6458.73
855,6822742,12900.0
856,6426487,2993.07
857,6000528,1480.78
858,6731133,2047.89
859,5643279,16800.0
860,6343435,18990.0
861,6827777,2678.01
862,6726447,2933.0
863,6822508,2678.01
864,6560100,5040.96
865,6692437,14000.0
866,5571227,3843.73
867,5857453,4725.9
868,4212191,1732.83
869,6827742,2678.01
870,4880189,3528.67
871,5839693,1890.36
872,5838009,4410.84
873,6692129,22990.0
874,6624511,14505.0
875,1367271,16000.0
876,5698655,6300.0
877,6827718,19500.0
878,6095591,23800.0
879,6712942,6500.0
880,6263547,4095.78
881,6685274,5143.0
882,6732039,6458.73
883,6022822,2205.42
884,5890728,4313.17
885,6433832,7246.38
886,6148601,7246.38
887,6326454,1827.35
888,6429425,12500.0
889,5945725,4150.0
890,6621304,3170.0
891,6704634,2110.9
892,6691950,5828.61
893,6827291,3900.0
894,5952713,39500.0
895,6689290,4883.43
896,5650060,4725.9
897,6683143,2252.68
898,5269300,48146.0
899,5094238,28279.0
900,4899255,3087.59
901,5633758,3339.63
902,6183086,3401.0
903,5497553,1827.35
904,5716956,19700.0
905,6054321,15000.0
906,6353200,5513.55
907,6817828,4725.9
908,5571796,16800.0
909,6065391,2930.0
910,6720352,9750.0
911,6821620,4410.84
912,6358662,26000.0
913,5058991,6500.0
914,6513096,4347.83
915,6817726,2835.54
916,6710593,4419.0
917,4812683,4020.0
918,6060855,4253.31
919,6821528,2750.0
920,6122872,4224.0
921,5449794,3087.59
922,6731362,4942.66
923,6817627,17300.0
924,6710542,9154.0
925,6826391,16490.0
926,5321651,4095.78
927,6707500,50000.0
928,6265986,2047.89
929,6682214,5671.08
930,6145024,2835.54
931,6817618,7246.38
932,5694818,12500.0
933,6609989,11700.0
934,6120968,19000.0
935,6821507,8191.56
936,3383953,16890.0
937,5935088,2299.94
938,6120316,6616.26
939,6817549,5828.61
940,6228948,3830.0
941,6826372,23900.0
942,6505987,13260.0
943,6400624,3623.19
944,6511118,9766.86
945,6415207,3560.18
946,5713125,17200.0
947,6708633,6300.0
948,3506340,8349.09
949,6826354,9800.0
950,5951705,5198.49
951,6821479,22300.0
952,6350721,4032.77
953,6463109,2110.9
954,6838872,2520.48
955,6817242,9750.0
956,6037354,11000.0
957,5854809,22900.0
958,6789937,4253.31
959,6821433,20400.0
960,6728919,6990.0
961,6672104,3717.71
962,6372367,44900.0
963,6817236,3150.6
964,6074953,7277.88
965,6826166,6931.32
966,5859251,42000.0
967,6821328,4253.31
968,6511215,4284.81
969,6674252,3000.0
970,6732255,78795.4
971,6817145,6.3
972,6327159,16800.0
973,6826156,2457.47
974,6511096,10775.67
975,6821285,29000.0
976,6509705,3780.72
977,5074842,4253.31
978,6621459,9500.0
979,6816945,26800.0
980,5627119,19800.0
981,6826128,11000.0
982,6511413,2362.95
983,4903783,13500.0
984,4958532,16900.0
985,6667405,54990.0
986,5969102,15500.0
987,6816818,12500.0
988,5365199,2583.49
989,6826086,5671.08
990,6187017,28200.0
991,5931674,9294.27
992,6722215,20000.0
993,6175452,4883.43
994,5757261,7876.5
995,6701058,4095.78
996,6711539,3800.0
997,6826068,15780.0
998,6618158,10081.92
999,6820964,4668.0
1000,6721604,6301.2
1001,5904552,8222.0
1002,6837115,14500.0
1003,5588296,13400.0
1004,5623720,23500.0
1005,6826021,2993.07
1006,5918844,2678.01
1007,6624848,7800.0
1008,6617802,2835.22
1009,5904569,5950.0
1010,5709140,3950.0
1011,6816710,2840.0
1012,6704949,3226.0
1013,6825934,7876.5
1014,2362615,27000.0
1015,6820832,4440.0
1016,6615308,9500.0
1017,5863650,3056.08
1018,6466007,4095.78
1019,6493302,4725.9
1020,6077151,24573.0
1021,6426529,2700.0
1022,5437093,7400.0
1023,6820819,4470.7
1024,4753713,4410.84
1025,5585730,4900.0
1026,6629148,4253.31
1027,6555392,9500.0
1028,6656398,3780.72
1029,6825892,38000.0
1030,6118635,1827.35
1031,2924764,7325.14
1032,5952738,35990.0
1033,6274393,7561.44
1034,6362337,2331.44
1035,6708425,2500.0
1036,5614362,25000.0
1037,6825790,12990.0
1038,5930491,5000.0
1039,5881846,4725.9
1040,5314719,10300.0
1041,6697977,1575.3
1042,5819293,21000.0
1043,5280817,25100.0
1044,6256376,4193.0
1045,6079585,6000.0
1046,5954786,10950.0
1047,6681809,8210.57
1048,6816422,85000.0
1049,6416840,16000.0
1050,6288633,24500.0
1051,6397849,12500.0
1052,6466848,7876.5
1053,6793133,5671.08
1054,6666217,33000.0
1055,6083949,3700.0
1056,6816371,7400.0
1057,5998727,3250.0
1058,3578151,3465.66
1059,5168945,18450.0
1060,5222007,22000.0
1061,3794740,10400.0
1062,6097439,25900.0
1063,6680360,19900.0
1064,6065246,7100.0
1065,3952452,1890.36
1066,6112393,3780.72
1067,6340008,49000.0
1068,6328334,3465.66
1069,6792901,6143.67
1070,6250380,2678.01
1071,5612421,6300.88
1072,4052264,1575.3
1073,5973458,2047.89
1074,6288550,20000.0
1075,6342811,2299.94
1076,6800303,2394.45
1077,6792879,4568.37
1078,6401233,41394.0
1079,6570634,7876.5
1080,6696943,20700.0
1081,5514220,4700.0
1082,6397312,4914.0
1083,6602132,3200.0
1084,6691143,15000.0
1085,3124689,10855.0
1086,3391200,65000.0
1087,6085174,5198.49
1088,6815903,2142.41
1089,5309467,4410.84
1090,5832287,14000.0
1091,6310943,15500.0
1092,5815497,42990.0
1093,6792857,8300.0
1094,6401353,41639.0
1095,6123332,5040.96
1096,5100235,13500.0
1097,5809572,20400.0
1098,6099377,11027.1
1099,6696305,6100.0
1100,6407854,9500.0
1101,6100059,17000.0
1102,6325062,6269.69
1103,5985173,28000.0
1104,3138823,7900.0
1105,3470325,62000.0
1106,6180507,20500.0
1107,6693828,2425.96
1108,6169591,1102.71
1109,6792520,2500.0
1110,6574671,2600.0
1111,6563658,4095.78
1112,6703462,13500.0
1113,5305815,2993.07
1114,1796413,9590.0
1115,6696600,25000.0
1116,5064173,11027.1
1117,6791790,2993.07
1118,6544124,11000.0
1119,6401257,41394.0
1120,6477004,5595.0
1121,6599864,7561.44
1122,4881365,5720.0
1123,6066241,30400.0
1124,6343400,33500.0
1125,5427067,3465.66
1126,5944802,1650.0
1127,6561014,5513.55
1128,6706785,10950.0
1129,5180209,17200.0
1130,5507019,10600.0
1131,5474223,5671.08
1132,6250355,4253.31
1133,6400877,7246.38
1134,5460491,5671.08
1135,6099566,24000.0
1136,6712367,27000.0
1137,5633688,1575.3
1138,6339943,22000.0
1139,6598438,23900.0
1140,6248549,7980.0
1141,6792151,19400.0
1142,6405290,9451.8
1143,6581951,3290.0
1144,6815433,20000.0
1145,4949728,4253.31
1146,3320279,13232.51
1147,6696285,15000.0
1148,6716905,9000.0
1149,6792085,49900.0
1150,6167000,2800.0
1151,6276589,13645.0
1152,6815369,8191.56
1153,6384336,19900.0
1154,4782427,26000.0
1155,5276542,4095.78
1156,3477753,15018.0
1157,5442433,5293.01
1158,5087311,6620.0
1159,6475055,33500.0
1160,6362643,27500.0
1161,4810295,3380.0
1162,6358557,17800.0
1163,4900631,19800.0
1164,6098347,10500.0
1165,6791760,0.14
1166,5751088,6000.0
1167,5955344,14177.69
1168,5160022,28900.0
1169,5910529,15700.0
1170,5402589,4883.43
1171,2909178,4725.9
1172,6492108,2205.42
1173,6095681,23000.0
1174,5954532,16500.0
1175,6086965,10554.51
1176,6815125,3308.13
1177,6261392,17000.0
1178,6341861,3938.25
1179,5620460,4020.0
1180,6422419,24500.0
1181,6791829,14000.0
1182,3373528,13900.0
1183,6405365,3150.6
1184,6814999,10950.0
1185,5756767,2709.51
1186,6057412,6375.0
1187,6088491,29800.0
1188,4949597,15500.0
1189,6583743,3200.0
1190,4615748,27500.0
1191,5358547,16000.0
1192,6814964,9300.0
1193,6604233,3938.25
1194,4902133,2678.01
1195,5047069,5671.08
1196,4073176,2362.95
1197,6791345,5899.0
1198,5460405,16400.0
1199,6313800,12100.0
1200,3693744,2835.54
1201,6693792,3250.0
1202,5094346,14500.0
1203,5099946,19500.0
1204,6179575,15000.0
1205,6791243,27800.0
1206,3014899,15000.0
1207,6449717,20500.0
1208,6590129,2804.03
1209,5555350,13800.0
1210,6809951,4568.37
1211,6008474,25000.0
1212,6692053,5765.6
1213,5288022,2205.42
1214,6405300,1732.83
1215,6079901,10680.53
1216,6814856,6931.32
1217,5808276,7300.0
1218,6058412,4410.84
1219,5055154,2741.02
1220,5111283,5671.08
1221,6791169,7643.0
1222,6788038,2550.0
1223,5808558,16300.0
1224,5099856,60000.0
1225,6180755,35850.0
1226,5623777,10081.92
1227,5514287,1345.0
1228,6098458,12990.0
1229,6791073,6490.0
1230,6788026,2351.0
1231,6384461,2993.07
1232,6814750,3022.0
1233,6374624,2788.28
1234,5143044,13000.0
1235,6693844,3152.0
1236,6690034,17384.0
1237,6409191,4990.0
1238,6788008,18700.0
1239,6122818,2520.48
1240,6814463,25000.0
1241,6160974,1953.37
1242,5841122,4190.3
1243,6335289,32500.0
1244,5954494,20900.0
1245,6790749,12610.0
1246,6788003,4228.0
1247,4716347,2520.48
1248,5566067,37000.0
1249,5623954,3560.18
1250,6493850,3856.33
1251,5687719,1450.0
1252,3124641,7025.0
1253,6588767,5050.0
1254,6683664,1200.0
1255,4722332,2299.94
1256,6443895,15000.0
1257,5020384,9174.0
1258,6397839,34800.0
1259,6597228,8500.0
1260,6335261,29900.0
1261,5143907,7876.5
1262,3502690,11342.16
1263,5616757,2741.02
1264,5938588,3590.0
1265,4075191,1102.71
1266,5072130,11500.0
1267,6393664,11500.0
1268,6692010,3100.0
1269,6790315,13232.51
1270,6579489,2205.42
1271,4912632,46000.0
1272,3728578,28789.0
1273,6604963,4095.78
1274,5627313,14500.0
1275,5640139,15950.0
1276,5078316,5986.14
1277,6405373,2347.2
1278,6325069,4410.84
1279,5671537,6301.2
1280,5905328,10900.0
1281,6593816,4568.37
1282,6809840,5828.61
1283,6261530,12287.33
1284,6097310,25900.0
1285,5528264,4410.84
1286,5681081,5490.0
1287,5391663,1953.37
1288,4903883,5040.96
1289,4903171,20800.0
1290,5950233,2678.01
1291,5159920,26800.0
1292,3676096,55000.0
1293,6007669,45000.0
1294,6098784,45000.0
1295,6575281,16000.0
1296,6814178,27300.0
1297,5382479,2047.89
1298,5309516,3670.0
1299,5730527,2709.51
1300,6691125,14200.0
1301,6789890,18000.0
1302,5622766,8900.0
1303,6248757,4568.37
1304,5477624,1575.3
1305,5320899,1992.44
1306,6814135,14800.0
1307,6809160,6500.0
1308,6493823,2205.42
1309,5949689,4725.9
1310,5883697,11972.27
1311,6328710,25900.0
1312,6341031,12894.0
1313,5607742,5986.14
1314,6028195,2898.55
1315,6809140,9294.27
1316,4711270,2362.95
1317,6404551,4200.0
1318,6085224,4253.31
1319,6787954,1890.36
1320,6088481,24990.0
1321,5930578,12500.0
1322,6814115,14500.0
1323,6242029,12590.0
1324,6410130,13400.0
1325,6400899,7246.38
1326,6469850,11200.0
1327,5956857,15480.0
1328,5528206,2930.06
1329,5869531,16200.0
1330,6814105,15480.0
1331,4842547,5400.0
1332,6685854,4430.0
1333,6789782,3630.0
1334,6580167,13800.0
1335,5879564,2016.38
1336,4999032,3625.0
1337,6169497,4694.39
1338,6814076,14490.0
1339,6808930,13250.0
1340,6411372,2835.54
1341,5221478,5482.04
1342,5548980,29000.0
1343,5961846,10000.0
1344,5833405,20000.0
1345,5643080,22900.0
1346,4895610,7265.0
1347,6808897,1890.36
1348,5741022,55000.0
1349,1213620,44460.0
1350,6252952,25000.0
1351,2835948,20500.0
1352,6600487,2260.0
1353,2234783,18500.0
1354,6814021,17000.0
1355,6808744,1354.76
1356,6332280,5671.08
1357,6789738,4914.0
1358,5143682,7246.38
1359,5759784,10703.0
1360,6079767,3308.13
1361,6519721,13600.0
1362,4862921,2835.54
1363,6710699,2362.95
1364,6691178,40000.0
1365,6493806,1669.82
1366,6212958,2300.0
1367,6438937,6931.32
1368,6697986,4095.78
1369,6694187,7500.0
1370,5393660,12500.0
1371,6808259,6174.0
1372,3328074,16000.0
1373,5969023,7718.97
1374,5549188,11700.0
1375,5695353,4536.86
1376,4720535,7876.5
1377,5829921,11972.27
1378,6813938,5702.0
1379,6808204,8750.0
1380,6492241,2300.0
1381,6254512,4850.0
1382,6098488,16500.0
1383,6555745,2047.89
1384,6698029,11027.1
1385,5212368,5300.0
1386,3724984,38100.0
1387,5341530,4253.31
1388,6250391,1890.36
1389,6088173,17200.0
1390,5143676,11027.1
1391,5930711,6301.2
1392,6373567,10500.0
1393,5213230,2205.42
1394,6175543,1575.3
1395,6808122,6650.0
1396,6689729,8975.0
1397,6449687,3150.6
1398,5883520,16900.0
1399,5145360,13400.0
1400,5486801,4568.37
1401,6343413,33500.0
1402,6096776,46900.0
1403,6808027,2615.0
1404,5111510,18000.0
1405,6396927,2772.53
1406,6401305,41394.0
1407,6097338,42000.0
1408,4700963,9800.0
1409,6493738,5671.08
1410,6813510,4730.0
1411,6807990,2110.9
1412,3170373,23000.0
1413,5391665,2599.24
1414,6312960,62500.0
1415,6170768,9260.0
1416,6341882,2615.0
1417,5648377,18000.0
1418,6813496,2450.0
1419,6807653,14890.0
1420,6170454,2394.45
1421,6357344,6301.2
1422,3605420,4379.33
1423,3409982,2993.07
1424,5762932,65000.0
1425,6810648,1858.85
1426,6335297,20390.0
1427,6667117,4788.91
1428,6104218,12590.0
1429,6482705,29000.0
1430,3436218,8821.68
1431,6789588,5040.0
1432,5868900,1983.0
1433,5691429,25500.0
1434,4864859,5040.96
1435,6807522,2678.01
1436,6173470,15245.0
1437,6481773,9745.0
1438,6096023,13232.51
1439,6684516,17500.0
1440,6261387,25000.0
1441,6752867,2678.01
1442,5829482,2835.54
1443,4795400,3780.72
1444,5143822,5513.55
1445,6561858,1480.78
1446,5143494,6460.0
1447,3071295,11200.0
1448,6334404,35000.0
1449,5305521,45000.0
1450,5099912,13500.0
1451,3180412,9136.74
1452,6799844,22069.0
1453,6353178,3860.0
1454,6085143,4850.0
1455,6250424,5040.96
1456,6514427,3299.0
1457,6555536,12360.0
1458,5935673,6500.0
1459,6806840,3465.66
1460,6799677,6500.0
1461,6386927,20500.0
1462,6490447,3780.72
1463,6789546,9250.0
1464,6088426,18000.0
1465,5628435,4680.0
1466,6812501,9850.0
1467,5221886,2772.53
1468,6799574,30000.0
1469,6579718,21400.0
1470,4983686,11000.0
1471,6393673,40000.0
1472,6115337,11490.0
1473,6110932,26500.0
1474,6812408,27900.0
1475,6806564,8200.0
1476,6799518,5400.0
1477,6574584,2520.48
1478,6098652,2457.47
1479,5814425,4212.0
1480,6695533,30000.0
1481,6810567,11972.27
1482,6812400,9900.0
1483,6806544,8200.0
1484,6799449,4883.43
1485,6250198,11000.0
1486,5994749,5545.05
1487,5868891,2280.0
1488,5580753,13700.0
1489,6104930,4253.31
1490,6812320,12800.0
1491,6806522,6990.0
1492,6799431,2678.01
1493,6482846,9350.0
1494,6580113,3809.0
1495,3506764,35500.0
1496,6340072,12500.0
1497,6411242,12190.0
1498,6696677,93096.0
1499,6806463,22000.0
1500,6099903,26000.0
1501,5543641,5986.14
1502,6485300,4900.0
1503,6714113,4790.0
1504,2832214,13400.0
1505,6695753,12650.0
1506,6812258,18900.0
1507,6806467,12626.0
1508,6799327,2142.41
1509,6477970,2741.02
1510,4927289,13800.0
1511,5949701,4690.0
1512,5133478,26500.0
1513,4574710,5800.0
1514,6697218,9500.0
1515,5747806,2016.38
1516,6493530,2047.89
1517,6475047,6950.0
1518,6482967,3150.6
1519,6553483,5850.0
1520,5194579,3100.0
1521,5978902,16200.0
1522,6812066,8102.0
1523,4651431,26438.0
1524,5738024,4373.0
1525,6573092,19100.0
1526,6486505,23500.0
1527,6249431,3938.25
1528,6255418,11500.0
1529,6343313,27900.0
1530,6812059,5581.0
1531,6805899,1512.29
1532,6172257,3780.72
1533,6477831,18900.0
1534,6481758,7189.0
1535,4708978,38000.0
1536,4720572,19890.0
1537,6596292,6616.26
1538,4898919,14160.0
1539,6805761,4095.78
1540,6328409,6458.73
1541,6482474,4500.0
1542,6321458,3780.72
1543,5811608,17000.0
1544,3124701,17734.0
1545,5272649,19500.0
1546,6812016,2299.94
1547,6805742,5040.96
1548,5020370,5040.96
1549,6378273,4568.37
1550,6244814,10700.0
1551,6085746,17675.0
1552,6405747,10200.0
1553,5514233,2350.0
1554,6811908,13990.0
1555,6805697,9000.0
1556,5820041,13232.51
1557,3344384,10396.98
1558,6572756,16000.0
1559,4708915,70000.0
1560,6579427,12500.0
1561,6354869,2993.07
1562,6811893,4260.0
1563,6805675,4095.78
1564,5367271,7900.0
1565,5683491,23000.0
1566,6469418,25000.0
1567,5741236,20500.0
1568,6590171,5828.61
1569,6338824,5513.55
1570,6811863,5885.0
1571,6414901,12300.0
1572,3508925,39100.0
1573,6078218,14300.0
1574,6318936,9600.0
1575,3511987,10396.98
1576,5938779,4725.9
1577,6410011,18000.0
1578,6811844,4150.0
1579,6805601,10081.92
1580,3754141,50000.0
1581,5738102,3180.0
1582,6492617,8950.0
1583,5021738,1890.36
1584,6339756,2110.9
1585,5100010,10000.0
1586,6501854,10500.0
1587,5615542,6000.0
1588,6327265,4150.0
1589,6432552,45000.0
1590,6402012,40000.0
1591,5848619,8191.56
1592,3945135,19659.74
1593,6259920,12330.0
1594,6810388,3990.0
1595,5886268,11000.0
1596,6799154,7590.0
1597,6467777,4725.9
1598,6400921,7246.38
1599,6104188,12300.0
1600,6811462,7990.0
1601,6412734,10900.0
1602,5074080,17328.29
1603,6805112,20000.0
1604,6799132,2047.89
1605,6423757,13642.0
1606,6398264,12832.0
1607,6099958,26200.0
1608,5715469,5040.96
1609,6261514,35800.0
1610,5958659,11700.0
1611,6805034,3465.66
1612,6799117,8506.62
1613,6566117,21424.07
1614,6787577,5040.96
1615,6255383,28000.0
1616,6811272,16700.0
1617,6155063,16500.0
1618,4911437,12287.33
1619,6805013,2898.55
1620,6493746,5986.14
1621,6083552,28500.0
1622,6467947,10550.0
1623,5221940,8500.0
1624,6811243,4410.84
1625,6315319,2709.51
1626,6013130,12500.0
1627,6804998,2993.07
1628,4082561,1197.23
1629,6401161,41394.0
1630,6405233,2993.07
1631,6014052,4400.0
1632,6493699,6692.0
1633,5514241,1350.0
1634,5819135,20800.0
1635,6098625,11000.0
1636,6798509,6080.66
1637,6394589,2741.02
1638,6574121,8500.0
1639,6452451,4253.31
1640,6411165,6316.0
1641,6411303,6800.0
1642,5076338,21900.0
1643,6295072,25900.0
1644,6798470,24000.0
1645,6400786,5582.0
1646,5750516,2047.89
1647,6582492,12400.0
1648,6350601,11500.0
1649,4730411,6868.0
1650,3503278,16000.0
1651,6803476,2350.0
1652,6414706,9450.0
1653,6034928,45000.0
1654,6354517,4574.0
1655,5386644,19990.0
1656,5314309,13500.0
1657,6589118,5100.0
1658,6589980,8191.56
1659,6328463,12950.0
1660,6798391,10500.0
1661,5178362,6301.2
1662,6571957,2555.0
1663,6789055,5702.0
1664,5427833,5800.0
1665,6284423,3119.09
1666,4900127,24000.0
1667,6803354,3465.66
1668,6798329,44000.0
1669,6579887,16000.0
1670,6572564,4200.0
1671,6789010,2205.42
1672,5696507,18000.0
1673,6025585,4900.0
1674,5822644,19845.62
1675,6803335,4410.84
1676,6798234,12500.0
1677,6086354,17500.0
1678,6014692,11972.27
1679,5221927,3623.19
1680,5149017,15500.0
1681,6220666,15900.0
1682,6599567,8424.0
1683,6803309,2835.54
1684,6798116,4731.0
1685,5148020,5828.61
1686,6400575,1984.88
1687,5887467,5671.08
1688,6261420,16500.0
1689,4901365,15437.93
1690,6343287,27900.0
1691,6803276,21600.0
1692,3508197,16500.0
1693,6561135,3938.25
1694,6358369,4700.0
1695,5751003,12300.0
1696,6557509,12287.33
1697,6084432,29980.0
1698,2637745,13232.51
1699,6803261,26950.0
1700,6798042,4250.0
1701,5550710,6092.0
1702,5695318,4883.43
1703,6400987,7246.38
1704,2526485,4725.9
1705,5756813,14500.0
1706,6139467,19900.0
1707,6803211,7980.0
1708,6797949,4064.27
1709,6678369,16800.0
1710,6402683,18700.0
1711,6584789,4410.84
1712,6342395,8500.0
1713,6340081,7750.0
1714,6555440,13171.0
1715,6803199,45800.0
1716,4052239,4725.9
1717,6459156,4900.0
1718,6401185,41394.0
1719,3072692,4410.84
1720,5803621,4725.9
1721,4977019,25000.0
1722,6179183,4686.0
1723,6803162,19200.0
1724,3725203,39600.0
1725,6009694,3700.0
1726,6263379,13000.0
1727,6584782,17328.29
1728,5775748,15000.0
1729,6192065,3780.72
1730,6116194,3087.59
1731,6802843,27000.0
1732,6410074,19848.77
1733,2501482,27280.39
1734,6580314,17600.0
1735,5047314,6890.0
1736,6600532,1740.0
1737,5556606,11972.27
1738,4921309,16500.0
1739,6802714,3229.36
1740,6254225,11900.0
1741,5741251,13590.0
1742,6238950,9800.0
1743,6328789,2425.96
1744,6058426,2800.0
1745,6600466,5320.0
1746,6693987,3465.66
1747,6802625,17200.0
1748,6324179,4880.28
1749,6242173,4988.0
1750,5681235,3623.19
1751,4825656,3150.6
1752,5829994,4410.84
1753,6179670,14000.0
1754,6411342,2550.0
1755,6802557,3998.0
1756,6408630,13400.0
1757,6576506,20700.0
1758,5612941,26400.0
1759,3771435,3938.25
1760,6308500,4300.0
1761,6417060,8655.0
1762,5475702,17158.0
1763,6802500,4571.0
1764,4914596,14500.0
1765,6563698,4253.31
1766,5949676,1795.84
1767,6092326,8821.68
1768,6033031,2835.54
1769,5274043,11500.0
1770,6342795,3780.72
1771,6802458,2362.95
1772,6173579,2362.95
1773,4073357,40000.0
1774,6395992,4150.0
1775,5888078,2772.53
1776,5819344,23900.0
1777,6462091,8506.62
1778,5063773,14750.0
1779,6802416,4899.0
1780,6401009,7246.38
1781,6400855,7246.38
1782,1879923,4339.95
1783,6488518,4155.0
1784,6595980,4410.84
1785,5327150,4095.78
1786,5628089,2570.89
1787,6709424,3472.0
1788,6414689,2900.0
1789,6403306,14500.0
1790,5921842,2142.41
1791,1339112,15000.0
1792,5897002,1780.09
1793,3503977,64272.21
1794,3184470,4819.0
1795,6585516,2741.02
1796,5299772,43888.0
1797,6161858,6490.23
1798,6223467,5891.62
1799,5364962,4521.11
1800,3999611,56000.0
1801,5159883,23500.0
1802,6088443,29800.0
1803,6411385,16300.0
1804,6493789,2678.01
1805,5875518,15400.0
1806,6576443,18000.0
1807,6401329,41394.0
1808,1841597,55000.0
1809,5599008,11500.0
1810,6170068,4095.78
1811,6328681,20500.0
1812,4075740,6500.0
1813,5542518,14300.0
1814,6786923,9451.48
1815,5916192,6931.32
1816,6088530,17500.0
1817,5758478,4725.9
1818,5683302,5229.99
1819,5401964,21900.0
1820,6406972,2190.0
1821,5825687,9800.0
1822,6475140,4379.33
1823,6098512,31000.0
1824,4912624,46000.0
1825,4921054,3119.09
1826,5052348,11500.0
1827,6801540,8191.56
1828,5533571,4490.0
1829,6464995,2016.38
1830,6786820,6550.0
1831,6525195,2445.0
1832,5633924,2205.42
1833,6378072,7190.0
1834,2737251,27880.0
1835,6801519,4095.78
1836,6690314,1890.36
1837,6459125,4095.78
1838,6315766,5198.17
1839,5305273,1890.36
1840,6116491,6500.0
1841,4902258,13232.51
1842,5314611,11657.21
1843,6801288,5828.61
1844,6097982,26000.0
1845,6091171,21900.0
1846,6136020,7088.85
1847,4996373,5750.0
1848,5988864,5513.55
1849,6261996,11900.0
1850,1376958,47000.0
1851,5518914,7876.5
1852,5519231,1953.37
1853,5546575,10300.0
1854,6786610,2205.42
1855,6169587,1260.24
1856,6006650,2110.9
1857,3339617,15900.0
1858,5026658,4422.0
1859,6689841,4750.0
1860,5692196,16500.0
1861,6395070,10100.0
1862,6786529,19900.0
1863,5741048,4725.9
1864,5644822,7561.44
1865,5512083,6500.0
1866,6016590,2783.0
1867,6801042,3465.66
1868,4942777,2835.54
1869,5672213,2930.06
1870,6786272,7718.97
1871,6098138,35800.0
1872,5968764,17000.0
1873,5633912,4410.84
1874,6275498,5040.96
1875,6492755,12800.0
1876,6250402,1575.3
1877,6099828,55000.0
1878,6113559,4410.84
1879,4983723,11972.27
1880,6811054,5828.61
1881,6297509,4568.37
1882,6342652,6616.26
1883,6688724,2520.48
1884,3771409,7561.44
1885,5891344,21000.0
1886,6786225,15200.0
1887,6306216,25000.0
1888,6592195,3921.0
1889,6088361,22000.0
1890,6181069,28000.0
1891,6107987,2362.95
1892,5112572,15500.0
1893,5623065,4095.78
1894,3506759,32500.0
1895,6012015,28900.0
1896,6698015,5806.55
1897,5413272,16900.0
1898,5910094,11700.0
1899,6118480,33850.0
1900,6796617,9950.0
1901,6482977,11027.1
1902,6786159,5000.0
1903,5687604,3465.66
1904,5554835,22000.0
1905,6694171,2900.0
1906,6174123,19200.0
1907,6412561,14500.0
1908,6796570,13000.0
1909,6405329,3938.25
1910,6786027,2173.91
1911,5820760,9294.27
1912,5932167,5230.0
1913,3708149,11027.1
1914,5682782,4883.43
1915,6592331,9550.0
1916,6796152,2362.95
1917,6569577,4990.0
1918,6562090,9950.0
1919,6085675,17000.0
1920,6477803,7400.0
1921,4904537,4253.31
1922,6288578,16000.0
1923,6454362,4725.9
1924,6796147,1575.3
1925,4659714,4095.78
1926,6785993,9136.74
1927,6404580,9400.0
1928,6191860,2750.0
1929,6694955,4600.0
1930,5099992,21300.0
1931,6454556,2268.43
1932,6796113,3308.13
1933,6174853,5800.0
1934,6197806,10396.98
1935,5886657,42000.0
1936,6330969,11300.0
1937,5100212,25000.0
1938,3684423,13750.0
1939,6457804,2394.45
1940,6795785,45000.0
1941,6423457,10000.0
1942,5703451,10900.0
1943,6638435,2265.28
1944,6694681,13900.0
1945,6115143,14950.0
1946,4869249,4699.0
1947,6465938,2299.94
1948,6795638,4536.86
1949,6485752,3465.66
1950,5221467,4316.32
1951,6490555,5236.0
1952,6121179,6931.32
1953,6410088,22000.0
1954,6033053,1984.88
1955,6467046,2142.41
1956,6795297,6400.0
1957,6036940,11915.0
1958,6213068,21500.0
1959,6328372,3623.19
1960,5141760,2630.75
1961,5573391,8664.15
1962,6324651,17400.0
1963,5194591,9995.0
1964,6795092,14300.0
1965,6039880,11027.1
1966,6350374,4100.0
1967,6012096,28400.0
1968,6088512,25000.0
1969,4998750,23800.0
1970,4789439,19533.71
1971,6407819,13400.0
1972,6087478,23000.0
1973,5920979,12290.0
1974,5834897,6301.2
1975,5143586,5040.96
1976,6190144,6100.0
1977,6461595,9990.0
1978,6555322,15500.0
1979,6689231,4300.0
1980,6794817,12300.0
1981,6331601,6400.0
1982,6680350,18500.0
1983,6492207,2980.0
1984,5819314,45000.0
1985,6489372,7490.0
1986,4922553,75000.0
1987,6800616,8518.0
1988,6794675,36000.0
1989,6357217,4883.43
1990,6397100,5000.0
1991,5741010,3686.2
1992,5363347,28000.0
1993,5099978,9937.0
1994,6058410,4253.31
1995,6412752,13800.0
1996,6794470,2150.0
1997,6190048,4000.0
1998,6563640,2353.5
1999,5519968,8506.62
2000,5617418,8950.0
2001,5826104,6800.0
2002,6014683,3119.09
2003,5879583,1417.77
2004,3417275,20000.0
2005,5143269,8191.56
2006,6325088,9105.23
2007,6245890,8200.0
2008,6265311,19430.0
2009,4777311,5198.49
2010,5815505,21900.0
2011,6099622,11342.16
2012,6794327,4100.0
2013,5924398,3938.25
2014,6086094,35000.0
2015,5919968,3500.0
2016,4886536,30000.0
2017,6022848,4200.0
2018,4986422,16000.0
2019,5373249,4870.0
2020,6794289,9000.0
2021,5542501,2250.0
2022,5822321,9475.0
2023,6405250,4568.37
2024,6335776,3717.71
2025,6282261,21600.0
2026,5280171,14190.0
2027,6492763,9700.0
2028,6793980,4410.84
2029,5550209,3623.19
2030,6409469,3050.0
2031,6113914,9322.0
2032,6697995,4883.43
2033,6306121,6000.0
2034,6487810,6550.0
2035,6295209,25800.0
2036,6793893,2457.47
2037,5881897,2362.95
2038,5949661,4095.78
2039,6087247,23500.0
2040,6411260,8824.0
2041,4610578,2445.0
2042,5270323,3780.72
2043,6324780,2362.95
2044,6793872,3623.19
2045,6319239,4347.83
2046,3508699,35000.0
2047,6129530,2520.48
2048,5463129,4662.89
2049,5019466,2835.54
2050,6810143,7400.0
2051,6627502,2678.01
2052,6793853,3780.72
2053,5658025,32500.0
2054,5441197,9136.74
2055,6084073,25000.0
2056,6343359,30800.0
2057,6343426,13800.0
2058,5531237,10950.0
2059,5839088,22961.0
2060,6793738,10000.0
2061,5148028,17013.23
2062,6325108,10396.98
2063,6085971,29800.0
2064,6489391,11250.0
2065,5100086,19500.0
2066,5774450,12600.0
2067,6046703,4507.0
2068,6793671,2205.42
2069,1916055,9540.0
2070,5344597,5352.87
2071,6565246,5000.0
2072,4719338,3900.0
2073,5958638,4253.31
2074,4852036,3780.72
2075,6106910,19500.0
2076,6793621,16000.0
2077,6416081,25900.0
2078,6012055,25900.0
2079,6090931,57000.0
2080,6374922,3780.72
2081,6563676,6773.79
2082,6570639,4800.0
2083,5026628,2993.07
2084,6684496,16450.0
2085,6703887,3875.24
2086,6217155,2437.0
2087,6623621,3300.0
2088,5973006,13500.0
2089,5449175,7500.0
2090,6669551,16500.0
2091,4052244,3150.6
2092,6766371,9200.0
2093,6654414,11500.0
2094,6687825,8821.68
2095,6687759,8200.0
2096,5988180,28000.0
2097,5808670,5009.45
2098,5464439,4095.78
2099,6778864,9400.0
2100,6766292,11027.1
2101,6656578,5040.96
2102,6717412,2993.07
2103,6228037,3345.0
2104,5997478,14177.69
2105,5143764,4410.84
2106,6281884,2520.48
2107,5647267,5000.0
2108,6484827,42000.0
2109,5759972,13500.0
2110,6234813,1890.36
2111,6226280,5282.0
2112,6090079,23500.0
2113,6401209,41394.0
2114,5738181,4705.0
2115,5896178,11900.0
2116,6766273,10712.04
2117,6758135,9600.0
2118,6688373,2993.07
2119,6655645,2100.0
2120,6570177,26200.0
2121,5997609,2047.89
2122,6151396,7570.0
2123,6778788,11040.0
2124,6388263,5313.0
2125,6664232,5040.96
2126,6071006,1795.84
2127,6658387,25000.0
2128,6486531,2299.94
2129,6053086,29000.0
2130,5887969,4725.9
2131,6209105,2450.0
2132,3170674,23854.0
2133,5283660,3780.72
2134,6653215,2488.97
2135,5423378,5356.02
2136,6401036,7246.38
2137,6566488,12200.0
2138,6674213,3465.66
2139,6778202,11500.0
2140,6395082,21300.0
2141,6694596,2205.1
2142,5695341,2362.95
2143,6713868,4950.0
2144,5550802,5671.08
2145,2691362,12854.44
2146,6310874,11657.21
2147,6778146,3382.0
2148,6766221,50000.0
2149,6657006,5828.61
2150,6222915,12995.0
2151,5346541,9990.0
2152,6572647,15500.0
2153,6023327,2520.48
2154,6027864,22950.0
2155,6778047,6500.0
2156,6228351,45000.0
2157,6687883,12500.0
2158,6216465,19500.0
2159,6228920,5818.0
2160,6090116,21000.0
2161,6500011,2205.42
2162,6088044,25700.0
2163,6778033,2362.95
2164,6766104,19400.0
2165,6675871,1732.51
2166,6550024,1732.83
2167,6677687,1890.04
2168,6485720,4883.43
2169,6682062,51450.0
2170,5221972,19500.0
2171,6778013,4253.31
2172,5322025,17000.0
2173,6694557,3465.34
2174,6558331,49990.0
2175,6228532,20800.0
2176,6467720,2835.54
2177,6088030,35000.0
2178,6672861,17989.0
2179,6777999,4095.78
2180,6766036,16200.0
2181,6556390,6500.0
2182,6652078,4750.0
2183,6694430,2835.22
2184,5613210,25900.0
2185,6417865,2520.48
2186,6566639,2678.01
2187,6777955,12400.0
2188,6765959,10680.53
2189,6362352,5040.96
2190,6701430,2205.1
2191,4024420,8191.56
2192,6480183,2142.41
2193,6392573,1654.06
2194,2558681,28900.0
2195,6777934,4800.0
2196,6765937,15752.99
2197,6484619,5040.96
2198,5372385,22350.0
2199,6676297,24999.0
2200,5143748,6773.79
2201,6565895,7250.0
2202,6671057,17000.0
2203,6777888,5758.0
2204,6765890,11950.0
2205,6456828,3780.72
2206,6635845,2299.62
2207,6459453,1890.36
2208,6467690,8100.0
2209,6086977,3308.13
2210,6428829,45000.0
2211,6108681,4705.0
2212,6765874,12900.0
2213,6670006,1620.0
2214,6643276,2142.41
2215,6702911,2362.95
2216,6464108,1417.77
2217,5950738,7250.0
2218,6077692,23629.49
2219,6403511,9990.0
2220,6765852,8034.03
2221,6666551,3623.19
2222,6153224,3780.72
2223,6652602,4860.0
2224,6581837,7246.38
2225,6163792,8821.68
2226,6428561,3650.0
2227,5382516,10300.0
2228,6765805,26800.0
2229,5985431,7980.0
2230,5729985,7876.5
2231,6694699,4299.0
2232,6080062,14177.69
2233,6036803,13800.0
2234,6326022,4032.77
2235,6386844,6600.0
2236,6765783,5900.0
2237,6652551,2678.01
2238,6676426,2265.28
2239,6677706,12444.55
2240,5947628,3100.0
2241,6263333,3999.0
2242,6461983,3400.0
2243,5540736,26000.0
2244,6662798,16000.0
2245,5987762,29900.0
2246,6647579,4410.84
2247,6670020,4733.0
2248,6045314,15700.0
2249,6676508,2804.03
2250,5751067,4316.32
2251,6697888,19500.0
2252,6765675,3938.25
2253,6081570,10800.0
2254,5444916,4095.78
2255,6151498,5600.0
2256,5759939,9800.0
2257,5698348,1291.75
2258,6140163,11674.0
2259,6777131,11814.74
2260,6765623,11500.0
2261,6701444,2268.12
2262,6688097,6616.26
2263,6677660,6300.88
2264,3108065,6675.0
2265,6105098,22900.0
2266,4846165,2993.07
2267,6777114,3465.66
2268,6765511,7500.0
2269,6631367,4000.0
2270,6624972,2173.6
2271,6620577,6808.0
2272,6405273,3780.72
2273,6287728,6600.0
2274,6099942,17500.0
2275,6777032,2835.54
2276,6704430,32900.0
2277,6687685,8400.0
2278,6677954,11999.0
2279,6677641,2929.74
2280,6213020,2850.0
2281,6670809,9432.89
2282,6444882,16390.0
2283,6461178,3290.0
2284,6765467,9136.74
2285,6662350,3790.0
2286,6688248,2804.03
2287,6663870,2500.0
2288,6479715,7990.0
2289,6202694,16351.0
2290,6676457,10500.0
2291,6776510,2678.01
2292,6549698,23990.0
2293,6688431,2930.06
2294,6714430,3465.66
2295,6652660,2517.33
2296,6294418,6616.26
2297,6372354,6480.0
2298,6314012,6900.0
2299,6776207,3150.6
2300,6552712,30000.0
2301,6066565,5040.96
2302,5859517,4410.84
2303,6676409,2567.42
2304,6401929,15752.99
2305,3937944,21800.0
2306,6467662,3623.19
2307,6775214,1512.29
2308,6223508,4708.0
2309,6688638,2520.48
2310,6235043,1732.83
2311,6677769,2992.75
2312,5755000,8191.56
2313,6672074,2993.07
2314,6785251,15200.0
2315,6384511,5600.0
2316,6688042,6112.16
2317,6694506,4095.46
2318,6307815,7750.0
2319,5598185,2678.01
2320,6681658,5671.08
2321,6077710,7246.38
2322,6785222,28700.0
2323,6158488,13100.0
2324,6764228,5387.52
2325,4656198,2583.49
2326,6456145,1512.29
2327,6221916,27761.0
2328,6039893,5671.08
2329,6081621,35000.0
2330,6236545,4000.0
2331,6386721,7681.0
2332,5394852,2205.42
2333,5460775,12500.0
2334,6662883,11500.0
2335,6230175,9998.0
2336,6077142,7876.5
2337,6672033,1572.15
2338,6785213,5356.02
2339,6776116,1827.35
2340,6688281,2520.48
2341,4952057,4725.9
2342,6555004,11000.0
2343,6302056,7200.0
2344,5143644,5671.08
2345,6458612,2240.0
2346,6785207,2205.42
2347,6401962,27800.0
2348,6647468,8506.62
2349,6661893,23500.0
2350,6677738,2047.57
2351,6629682,5450.54
2352,5874861,12000.0
2353,6458982,5356.02
2354,6785186,2047.89
2355,6775938,2047.89
2356,6681183,18903.59
2357,6696143,5040.96
2358,6687743,4725.9
2359,6676275,5670.76
2360,3434184,17000.0
2361,6129493,3300.0
2362,6785175,15031.51
2363,6775328,2362.95
2364,6763449,14500.0
2365,6675912,4725.58
2366,6653128,30000.0
2367,6676382,4568.37
2368,5876217,5143.0
2369,6086766,26900.0
2370,6785162,2142.41
2371,6775377,4265.0
2372,5991402,7980.0
2373,6675820,2551.67
2374,6624994,5985.82
2375,6377042,2520.48
2376,6475722,5671.08
2377,6086674,25500.0
2378,6785150,5950.0
2379,6775361,5954.63
2380,5998478,6931.32
2381,6660009,1890.04
2382,5714002,11000.0
2383,6675880,2835.22
2384,6236358,7599.0
2385,6563627,5954.63
2386,6785104,5702.0
2387,6775257,4069.0
2388,6763235,2583.49
2389,5990718,2362.95
2390,6556984,3780.72
2391,6756164,3780.72
2392,6091071,13000.0
2393,5879301,4600.0
2394,6325984,28700.0
2395,5997947,18900.0
2396,6763218,2142.41
2397,6532800,1795.84
2398,6552855,9000.0
2399,6755909,13000.0
2400,4075445,21500.0
2401,6671021,2995.0
2402,6476129,4001.26
2403,6553034,5883.0
2404,6617888,2520.16
2405,6757778,2390.0
2406,6228606,22500.0
2407,6755864,18700.0
2408,6579630,17200.0
2409,5147924,5513.55
2410,6784839,11400.0
2411,6775099,15000.0
2412,6688413,3465.66
2413,6687958,2457.47
2414,5718899,8191.56
2415,6755663,16990.0
2416,6486695,5500.0
2417,5924569,42000.0
2418,6784781,12450.0
2419,6774967,8400.0
2420,6549062,2205.42
2421,5346505,44990.0
2422,3731420,49000.0
2423,6755648,1953.37
2424,6561043,5800.0
2425,6565506,17700.0
2426,6355849,11500.0
2427,6774717,13352.0
2428,6655780,15099.0
2429,6647405,3150.6
2430,6694576,2772.21
2431,6544737,2456.0
2432,6785812,2390.0
2433,5990794,7561.44
2434,6085092,4990.0
2435,6774691,20000.0
2436,6151362,6550.0
2437,5991360,7980.0
2438,6677751,3780.4
2439,6216242,5890.0
2440,5413564,3100.0
2441,6098322,18500.0
2442,6088209,28000.0
2443,6774470,19200.0
2444,6762863,2583.49
2445,6681552,25999.0
2446,3155531,16600.0
2447,6649117,9980.0
2448,6160313,9500.0
2449,6153634,4725.9
2450,6784456,4950.0
2451,6774443,29930.69
2452,5869858,11650.0
2453,6662640,13400.0
2454,6491008,8821.68
2455,6755373,8400.0
2456,6099840,34500.0
2457,6216817,4100.0
2458,6565437,26000.0
2459,6774438,3465.66
2460,6762762,4725.9
2461,6235623,16990.0
2462,6456744,1953.37
2463,6755332,7888.0
2464,6676880,5356.02
2465,6570153,3465.66
2466,6677794,2350.0
2467,6774427,2835.54
2468,6663018,4127.28
2469,6687938,4095.78
2470,6663025,2362.95
2471,6755073,45000.0
2472,6086284,31000.0
2473,6227464,4700.0
2474,6465752,15500.0
2475,6774404,4095.78
2476,6224981,5990.0
2477,6658374,2205.1
2478,6461132,16000.0
2479,6754985,45000.0
2480,6206768,4568.37
2481,5991423,7980.0
2482,6681792,1732.83
2483,6774382,4700.0
2484,6762724,1890.36
2485,6461971,2750.0
2486,6702886,7876.5
2487,6754953,22990.0
2488,6482979,3308.13
2489,6476113,6900.0
2490,6676490,2362.95
2491,6773748,16000.0
2492,6762710,5198.49
2493,5338477,10081.92
2494,6687911,4347.83
2495,6754844,37990.0
2496,4625319,14177.69
2497,5875073,11990.0
2498,6784137,7500.0
2499,6656968,5671.08
2500,6762692,4725.9
2501,6151468,5600.0
2502,6549998,4064.27
2503,6754359,4788.91
2504,6092896,29000.0
2505,5946409,2662.0
2506,6784096,23500.0
2507,6773367,5670.0
2508,6762677,4095.78
2509,6711745,3780.72
2510,6701909,4914.93
2511,6754293,4600.0
2512,5808599,16000.0
2513,6035056,5200.0
2514,6681002,11000.0
2515,6773109,3200.0
2516,6762663,3308.13
2517,3643091,22600.0
2518,5343137,8821.68
2519,6548439,12602.39
2520,6087855,24500.0
2521,6045355,6616.26
2522,6784007,3308.13
2523,6772899,4500.0
2524,6762644,2678.01
2525,5671769,39100.0
2526,4895278,4410.84
2527,6300544,29000.0
2528,6309002,10800.0
2529,5148024,5671.08
2530,6783963,7750.0
2531,6772866,4100.0
2532,6312898,2025.0
2533,6665346,2457.47
2534,6688569,6000.0
2535,6754133,2710.0
2536,6785774,6500.0
2537,6082206,19000.0
2538,5143391,5828.61
2539,6772726,3465.66
2540,6762625,6301.2
2541,6687813,2961.56
2542,6532820,2674.86
2543,5656972,6931.32
2544,6577236,8821.68
2545,6265206,5040.96
2546,5685344,13000.0
2547,6772680,6400.0
2548,6704369,33000.0
2549,6226401,15000.0
2550,6658100,16800.0
2551,6642942,14300.0
2552,6680212,250000.0
2553,6561154,1890.36
2554,6783879,9766.86
2555,6772615,11500.0
2556,6762520,10800.0
2557,5340073,5040.96
2558,6704542,37000.0
2559,6066541,9500.0
2560,5834820,10000.0
2561,6242966,4568.37
2562,6783857,3087.59
2563,6772584,25900.0
2564,6509388,22000.0
2565,6687973,1984.88
2566,5790918,26900.0
2567,5577328,4032.77
2568,6579573,18000.0
2569,6674095,7800.0
2570,6783830,9000.0
2571,6772568,12300.0
2572,5220973,4080.03
2573,6676753,4253.31
2574,6681575,16056.0
2575,5998469,2362.95
2576,5143759,6742.28
2577,6190024,5352.87
2578,6566696,6112.16
2579,6772546,15800.0
2580,6762391,10554.51
2581,6687985,2205.42
2582,6222808,7246.38
2583,6303504,3780.72
2584,6086517,25000.0
2585,6460709,5387.52
2586,5835110,2173.91
2587,6772481,11000.0
2588,6762368,2900.0
2589,6096330,21900.0
2590,6652506,6040.0
2591,5988424,37990.0
2592,6294305,7876.5
2593,5666478,24000.0
2594,6086184,41000.0
2595,6772398,10800.0
2596,6762341,7561.44
2597,5854958,13547.57
2598,6303483,4568.37
2599,6225341,2383.0
2600,6495795,5050.0
2601,6779792,5671.08
2602,6677244,18300.0
2603,6772380,3304.98
2604,6548887,2205.1
2605,6145185,14492.75
2606,5997886,15300.0
2607,6235323,1764.34
2608,6113924,5610.0
2609,6339829,7950.0
2610,6468583,3290.0
2611,6772335,8188.41
2612,6762270,13000.0
2613,6677680,3622.87
2614,6342535,11495.0
2615,6643735,4490.0
2616,6085384,15500.0
2617,3894813,4528.22
2618,6783669,42000.0
2619,5671771,48000.0
2620,6662176,2615.0
2621,5161133,11972.27
2622,6227572,21650.0
2623,6549309,4095.78
2624,6213003,4200.0
2625,5809689,2268.43
2626,6783609,8821.68
2627,6771909,36500.0
2628,6762258,3623.19
2629,6216268,21347.0
2630,6549675,23990.0
2631,6222289,11945.0
2632,6294461,17000.0
2633,5808480,4410.84
2634,6783474,11600.0
2635,6771868,4095.78
2636,6687608,2520.48
2637,6662198,2678.01
2638,6694525,2520.16
2639,6450914,14000.0
2640,6401058,7246.38
2641,5729896,19400.0
2642,6783397,39000.0
2643,6704458,15900.0
2644,6762168,10869.25
2645,6687791,20000.0
2646,6286791,4158.79
2647,5173593,24000.0
2648,6213625,6238.19
2649,4624068,16500.0
2650,6783336,15752.99
2651,6771745,3780.4
2652,6761522,2205.1
2653,6734549,1260.24
2654,5613170,5890.0
2655,6544663,5296.0
2656,6096061,24900.0
2657,6315540,7561.44
2658,6783303,4883.43
2659,6771727,2079.08
2660,6152647,4600.0
2661,6656237,4568.37
2662,6456376,3938.25
2663,6753755,0.3
2664,5221909,22000.0
2665,6162197,4095.78
2666,6783283,32500.0
2667,6771704,3780.4
2668,6761507,2835.22
2669,6652123,5490.0
2670,5991486,7980.0
2671,6647650,3323.0
2672,6400965,7246.38
2673,6669680,17200.0
2674,2003240,5671.08
2675,6771683,2047.57
2676,6149834,2173.91
2677,6688625,4442.34
2678,6631390,6450.0
2679,3320442,150000.0
2680,6238873,3554.0
2681,6086226,75000.0
2682,6782991,14490.0
2683,6771659,2520.16
2684,6761427,4800.0
2685,6659656,3800.0
2686,6303851,11500.0
2687,6753698,2500.0
2688,6401137,41394.0
2689,4967795,2070.0
2690,6782973,14690.0
2691,6771625,5954.63
2692,6761403,2440.0
2693,6683882,4883.43
2694,6616539,2842.0
2695,6375314,3528.67
2696,6239332,2457.47
2697,6560948,3115.0
2698,6782922,28900.0
2699,6556322,3780.72
2700,6761386,1930.0
2701,6301728,2835.54
2702,6681531,20478.58
2703,6288242,2047.89
2704,6401281,41394.0
2705,6231895,14516.0
2706,6782752,22054.19
2707,6771547,53000.0
2708,6688507,8506.62
2709,4912600,23500.0
2710,6625078,13500.0
2711,6298814,7500.0
2712,6167550,4150.0
2713,6673502,17200.0
2714,6782576,15245.0
2715,6771002,15250.0
2716,6761135,16800.0
2717,6615745,4600.0
2718,5800255,9800.0
2719,5648938,5828.61
2720,6312714,2835.54
2721,6673478,4725.9
2722,6782554,28800.0
2723,6770841,8935.0
2724,4985452,5803.4
2725,4821911,10350.0
2726,6461087,25700.0
2727,6066198,23500.0
2728,6037981,1953.37
2729,6325960,6238.19
2730,6782379,4945.0
2731,6770715,3200.0
2732,6761071,17690.0
2733,6675854,9451.48
2734,6656096,2457.47
2735,6549595,36000.0
2736,6785676,4379.33
2737,4075181,1260.24
2738,6469313,5671.08
2739,6704041,29930.69
2740,6662101,17643.35
2741,5801912,8664.15
2742,5745546,4662.89
2743,6377895,2700.0
2744,5781575,1575.3
2745,3693766,2835.54
2746,6782281,19500.0
2747,5144055,11990.0
2748,6760720,4000.0
2749,6114914,2898.55
2750,6064903,17000.0
2751,6216429,4850.0
2752,5990810,7876.5
2753,5955434,8500.0
2754,6782260,30000.0
2755,6770575,13500.0
2756,6221780,6850.0
2757,6756669,1543.79
2758,6655612,2678.01
2759,6753517,3308.13
2760,5426915,210000000.0
2761,6066018,27300.0
2762,6782240,13450.0
2763,5143219,23800.0
2764,5674299,16000.0
2765,6459367,15300.0
2766,5742224,18000.0
2767,5440863,6900.0
2768,6469595,4725.9
2769,5862699,7561.44
2770,6782205,27500.0
2771,6770404,6190.0
2772,6760614,5986.14
2773,6651858,2362.95
2774,3513759,4890.0
2775,6643218,9900.0
2776,5741160,5671.08
2777,6481605,4977.95
2778,6782176,19900.0
2779,6656696,8500.0
2780,4918669,10081.92
2781,6693207,5040.64
2782,6225898,3987.0
2783,6209622,9570.0
2784,6095375,28323.88
2785,5580235,4631.38
2786,6782155,6000.0
2787,6770286,2678.01
2788,6760564,8200.0
2789,6694452,3780.4
2790,5991297,7980.0
2791,6217133,11342.16
2792,6573042,6301.2
2793,6316301,5356.02
2794,6782073,19900.0
2795,6461963,4032.77
2796,6625455,8600.0
2797,6647548,4160.0
2798,6558123,4800.0
2799,6646540,24900.0
2800,6405284,3056.08
2801,6666963,4725.9
2802,6781951,8900.0
2803,6770241,2555.0
2804,4716597,4095.78
2805,6675847,1322.94
2806,6676319,2804.03
2807,5709347,23990.0
2808,6211050,1984.88
2809,6109250,3827.98
2810,6295434,14500.0
2811,6769995,60000.0
2812,6647429,6692.0
2813,6756579,3851.0
2814,4665422,9766.86
2815,6295376,4032.0
2816,6677345,4662.89
2817,6087181,6931.32
2818,6294377,14000.0
2819,6769968,13500.0
2820,6760177,13232.51
2821,6654486,14200.0
2822,6662555,26000.0
2823,5991339,7980.0
2824,6564989,8970.0
2825,6469048,19900.0
2826,6465626,12900.0
2827,5726091,8191.56
2828,6760028,2362.47
2829,6677607,14499.0
2830,6665205,1780.09
2831,6550037,1575.3
2832,6518535,5356.02
2833,3612967,4883.43
2834,6417754,4500.0
2835,6388199,7300.0
2836,6665149,2800.88
2837,3182228,30690.0
2838,3756958,8500.0
2839,6642842,23300.0
2840,6676656,2488.97
2841,6671273,4568.37
2842,5457399,5400.0
2843,6769713,14000.0
2844,6086941,8821.68
2845,6675923,5733.77
2846,6086253,65000.0
2847,6216595,25000.0
2848,5664922,5300.0
2849,6671978,3717.71
2850,6068957,3330.0
2851,6769689,14197.45
2852,5006568,45000.0
2853,6656994,2362.95
2854,6694486,2299.62
2855,6753358,22000.0
2856,5548842,49500.0
2857,6225878,7900.0
2858,6678709,8000.0
2859,6769684,26000.0
2860,6759812,2200.0
2861,6228420,23900.0
2862,6647509,4095.78
2863,6216172,7581.0
2864,5928234,2362.95
2865,6671897,1890.0
2866,5695307,2016.38
2867,5584097,6200.0
2868,6759680,1827.35
2869,6702681,1984.88
2870,6224329,41394.0
2871,6216367,19500.0
2872,6182159,8191.56
2873,6672890,7100.0
2874,6781582,9486.0
2875,6097090,59900.0
2876,6759673,3938.25
2877,6652267,2835.54
2878,6625010,3528.36
2879,6136253,18900.0
2880,6182195,2425.96
2881,5455174,14804.66
2882,6781561,16500.0
2883,6769488,10200.0
2884,6022149,19500.0
2885,6681620,11499.0
2886,6303417,5798.0
2887,6648440,34850.0
2888,6182237,2835.54
2889,6465759,38990.0
2890,6459091,11900.0
2891,6769367,4095.78
2892,6759585,2615.0
2893,6654262,2741.02
2894,6083976,28800.0
2895,5718937,4190.3
2896,6182347,4505.36
2897,6674206,2488.97
2898,6189877,13500.0
2899,6769335,4568.37
2900,6759566,2678.01
2901,6382224,3534.0
2902,6695159,12000.0
2903,5346527,13900.0
2904,6440944,16900.0
2905,6306896,2142.41
2906,5695406,4253.31
2907,6150216,5513.55
2908,6759392,30000.0
2909,6658867,9990.0
2910,6073995,8300.0
2911,2905919,7246.38
2912,6183582,2646.5
2913,6301835,13900.0
2914,5671858,18000.0
2915,6769273,2362.95
2916,6759328,25700.0
2917,6659089,8850.0
2918,6757358,5702.0
2919,6065834,40000.0
2920,6184872,2457.47
2921,6461174,6931.32
2922,6469832,13500.0
2923,6769108,9766.86
2924,6652770,1732.83
2925,6222474,15000.0
2926,6688352,2362.95
2927,6643664,2920.0
2928,6184860,3087.59
2929,5147926,29800.0
2930,6315466,4200.0
2931,6769063,7400.0
2932,6704566,30000.0
2933,4933986,9000.0
2934,6693228,4725.58
2935,5979980,10800.0
2936,6184847,3938.25
2937,6140100,9000.0
2938,6464074,18700.0
2939,2170176,22000.0
2940,6343340,6100.0
2941,6707956,20000.0
2942,6687999,2804.03
2943,6544824,11342.16
2944,6184714,3623.19
2945,5687752,4000.0
2946,6428485,7050.0
2947,6155939,2520.48
2948,6759135,3938.25
2949,6694796,2362.95
2950,6635832,1795.53
2951,6161867,7000.0
2952,6184260,4095.78
2953,6558269,6868.3
2954,6400943,7246.38
2955,6704241,4725.58
2956,6759120,3600.0
2957,6690763,4960.0
2958,1524935,34900.0
2959,6226690,2589.0
2960,6355378,8191.56
2961,6397141,2000.0
2962,6572387,23990.0
2963,6768538,3938.25
2964,6759109,2457.47
2965,6679702,18900.0
2966,6654250,2047.89
2967,6544040,5600.0
2968,6385492,5828.61
2969,5869486,6931.32
2970,6780286,4095.78
2971,4839209,22500.0
2972,6557462,2520.48
2973,6625055,5352.87
2974,5449629,16500.0
2975,4647031,18380.0
2976,6411206,4725.9
2977,6779254,1386.26
2978,6780282,15752.99
2979,6768431,14900.0
2980,6759043,3938.25
2981,6656200,39500.0
2982,6455693,10700.0
2983,6648324,49000.0
2984,6678316,6250.0
2985,6417833,8892.0
2986,6780182,23500.0
2987,6768288,7888.0
2988,6759028,3600.0
2989,6670034,3885.0
2990,6704484,42900.0
2991,6377059,7190.0
2992,6213048,21500.0
2993,6468216,3134.85
2994,6672983,8979.21
2995,6665358,2678.01
2996,6759017,2457.47
2997,6694540,4410.52
2998,6713955,11799.0
2999,6066192,23500.0
3000,6679596,27000.0
3001,2344914,7246.38
3002,5901365,19900.0
3003,6485050,42000.0
3004,6233842,105000.0
3005,5781905,20700.0
3006,3860907,16300.0
3007,6216837,6175.0
3008,6482981,1228.73
3009,6673876,13000.0
3010,5856944,15300.0
3011,6681297,10081.6
3012,6677587,8999.0
3013,6635778,9451.8
3014,6679642,22949.0
3015,6296696,20000.0
3016,6403293,14800.0
3017,6280538,12300.0
3018,6569653,12800.0
3019,6085826,4691.24
3020,6758973,6049.15
3021,6151438,8191.56
3022,5344583,5352.87
3023,6182313,3938.25
3024,5834702,4725.9
3025,6672460,2678.01
3026,5346521,11023.94
3027,6767716,5900.0
3028,6758951,4883.43
3029,6694474,2362.63
3030,6670753,17643.35
3031,6753010,3969.75
3032,4787527,6100.0
3033,6129276,16300.0
3034,6074476,13800.0
3035,6767655,8850.0
3036,5298237,27000.0
3037,6670136,3623.19
3038,6656984,2425.96
3039,6211447,1575.3
3040,6082581,36900.0
3041,6113681,5990.0
3042,5932221,10900.0
3043,6767614,27000.0
3044,6758903,3780.72
3045,6681193,6301.2
3046,6655442,16000.0
3047,6550053,1575.3
3048,6253095,4550.0
3049,5503646,6300.0
3050,6671994,3746.06
3051,6767585,2750.0
3052,6758884,3780.72
3053,5612380,5200.0
3054,6656551,3950.0
3055,6550042,1575.3
3056,6319731,6238.19
3057,5589447,4883.43
3058,5781584,14177.69
3059,6767447,9200.0
3060,6758865,4253.31
3061,6652645,4347.83
3062,6649290,2362.95
3063,6543889,4800.0
3064,6094480,12820.0
3065,6387735,7900.0
3066,6674229,5513.55
3067,6767401,4429.0
3068,6758836,7190.0
3069,5462579,4977.95
3070,6621925,2520.48
3071,6544155,7950.0
3072,5720773,3800.0
3073,6234679,6000.0
3074,6081603,25400.0
3075,6767390,4050.0
3076,6758819,3040.0
3077,6688314,13106.0
3078,6554529,5272.0
3079,6210114,1638.31
3080,6202628,16700.0
3081,6779047,3800.0
3082,6563683,2835.54
3083,6767378,3160.0
3084,6758799,3900.0
3085,6655515,10650.0
3086,6677781,5670.76
3087,5717776,8800.0
3088,6099524,6269.69
3089,6778991,2142.41
3090,3407802,10081.92
3091,6681597,47999.0
3092,6758776,12917.45
3093,6676395,4836.17
3094,1938457,18800.0
3095,6752787,5040.96
3096,6245036,13800.0
3097,6240343,16993.0
3098,6338453,2583.49
3099,6304048,12600.0
3100,6662127,8970.0
3101,6654499,11027.1
3102,6656416,22800.0
3103,5109178,9136.74
3104,6679573,14500.0
3105,6468669,5000.0
3106,5725341,6050.0
3107,6766739,2678.01
3108,6758679,4725.9
3109,6294821,9850.0
3110,6557988,4883.43
3111,6544071,4650.0
3112,6113898,2615.0
3113,6162874,32400.0
3114,5891381,8100.0
3115,6766715,19500.0
3116,6758657,8128.54
3117,6675834,3118.78
3118,6681215,3150.28
3119,5415980,5050.0
3120,6063158,31700.0
3121,6070732,3780.72
3122,6537483,3560.18
3123,5916779,3686.2
3124,6730202,1512.29
3125,6660938,2520.48
3126,5893319,16000.0
3127,5714468,8191.56
3128,6368333,3030.0
3129,4715440,2583.49
3130,4838926,33000.0
3131,6112843,3780.72
3132,6292169,2520.48
3133,6181749,5380.0
3134,6382149,5671.08
3135,6379498,5143.0
3136,5775122,15650.0
3137,6281466,15752.99
3138,2652853,12500.0
3139,6015366,8500.0
3140,6505052,4600.0
3141,6222613,6616.26
3142,6521658,3150.6
3143,6045729,3875.24
3144,5922291,19490.0
3145,6723658,4725.9
3146,6660484,49500.0
3147,6515601,5040.64
3148,6752657,2993.07
3149,6205137,2993.07
3150,4662128,1417.77
3151,6733868,2362.95
3152,5704152,10869.57
3153,4646713,4694.39
3154,6512147,5198.49
3155,6649226,1764.34
3156,6526849,10500.0
3157,6565856,11700.0
3158,5988482,11000.0
3159,6274726,2520.48
3160,6068005,2205.42
3161,6512073,5300.0
3162,6643472,11700.0
3163,6284590,11027.1
3164,6372592,2700.0
3165,6733770,21000.0
3166,6723197,3150.6
3167,5923980,1900.0
3168,6509977,4883.43
3169,6543804,4773.0
3170,5346517,12240.0
3171,6095438,16200.0
3172,6446784,19300.0
3173,6072363,8250.0
3174,5877885,2615.0
3175,3412980,5300.0
3176,6295397,4191.0
3177,4212729,21424.07
3178,6738377,3500.0
3179,4974638,16990.0
3180,6722909,5040.96
3181,5871442,4410.84
3182,5410554,2142.41
3183,4874145,2993.07
3184,4861472,4568.37
3185,6738254,28000.0
3186,6733628,3308.13
3187,6628121,2993.07
3188,5853383,1732.83
3189,6359979,4410.84
3190,6544346,3717.71
3191,6466199,2678.01
3192,5985343,1669.82
3193,6636113,15000.0
3194,6717306,2678.01
3195,5308142,7497.0
3196,6504751,5419.03
3197,3163265,32950.0
3198,6112781,4650.0
3199,5491859,27990.0
3200,5345603,30490.0
3201,6426782,2820.0
3202,5013418,4347.83
3203,6504669,2250.0
3204,6222936,2640.0
3205,6212137,39000.0
3206,6281432,18990.0
3207,5820820,18000.0
3208,6717232,2678.01
3209,6421004,2331.44
3210,6504311,1417.77
3211,6382410,3130.0
3212,5436570,13500.0
3213,6205164,2299.94
3214,6359450,8282.0
3215,5733202,2520.48
3216,6466346,4080.03
3217,3530823,11027.1
3218,6370787,9569.0
3219,6357425,17900.0
3220,6738195,1417.77
3221,4821240,22500.0
3222,5030714,2331.44
3223,6466390,4410.84
3224,3999202,9100.0
3225,6146441,4150.0
3226,6377064,5161.0
3227,6738143,2362.95
3228,6362345,2250.0
3229,4947584,2265.0
3230,4688208,2520.48
3231,3958725,5000.0
3232,1844265,15000.0
3233,6351546,3858.0
3234,6738123,2268.43
3235,5136139,10750.0
3236,4737268,6629.0
3237,5863736,3780.72
3238,3956637,6000.0
3239,4573131,7500.0
3240,6299577,2457.47
3241,6738092,4419.0
3242,5917953,3500.0
3243,4601077,5000.0
3244,6657685,2993.07
3245,4743447,45000.0
3246,6648398,21900.0
3247,4986305,14500.0
3248,6738062,4830.0
3249,6434040,22700.0
3250,5340637,2961.56
3251,6452611,4095.78
3252,4984773,4850.0
3253,6643261,12800.0
3254,3395897,26000.0
3255,6738026,3472.0
3256,6095087,21990.0
3257,5968539,3087.59
3258,6058902,1606.81
3259,5360838,6931.32
3260,5857676,16500.0
3261,6526312,8690.0
3262,6737948,6931.32
3263,6289852,7718.97
3264,6134236,5040.96
3265,5704621,4000.0
3266,5630201,2993.07
3267,2532667,18500.0
3268,5393790,2173.91
3269,3597206,3465.66
3270,3788526,5040.96
3271,6146828,2741.02
3272,5783006,3623.19
3273,5689098,3875.24
3274,6647635,3311.84
3275,6539534,4095.78
3276,6737673,3300.0
3277,4143138,2047.89
3278,6717113,2615.0
3279,5034637,3780.72
3280,5778490,4160.0
3281,6548649,17300.0
3282,6525847,18500.0
3283,6201227,0.17
3284,6628332,4095.78
3285,5750755,2709.51
3286,4744781,4407.69
3287,5787530,4410.84
3288,6379314,4650.0
3289,6173484,10980.0
3290,6201304,3870.0
3291,5919303,14177.69
3292,6551498,10869.57
3293,6650426,1638.31
3294,5789786,8664.15
3295,5856861,15250.0
3296,6743853,4662.89
3297,6355152,7500.0
3298,5491580,5356.02
3299,6716881,0.14
3300,6491193,14000.0
3301,5920235,3780.72
3302,6452414,2205.42
3303,5788720,1890.36
3304,6442089,3308.13
3305,6529164,10260.0
3306,6344034,2835.54
3307,6256222,38400.0
3308,5929084,20000.0
3309,5345651,68900.0
3310,5713860,28600.0
3311,5644643,6773.79
3312,6447576,7813.48
3313,6600235,1197.23
3314,6650308,2993.07
3315,6206151,5198.49
3316,6095179,9420.29
3317,5717618,20700.0
3318,5445685,2362.95
3319,6565823,13500.0
3320,4835546,2205.42
3321,6649779,4107.0
3322,6147395,3308.13
3323,6471107,4064.27
3324,6526070,33400.0
3325,5923216,2709.51
3326,5257194,10200.0
3327,6637047,2457.47
3328,6649656,8950.0
3329,6215368,18920.0
3330,6648481,49500.0
3331,6452420,2080.0
3332,6736916,2550.0
3333,5851837,7403.91
3334,6716730,3623.19
3335,6641953,11350.0
3336,6215350,16900.0
3337,6289056,27550.0
3338,5627908,4095.78
3339,6195518,6616.26
3340,6733230,2678.01
3341,6251464,1669.82
3342,6641799,2700.0
3343,6215332,16800.0
3344,6210816,4000.0
3345,6524217,22700.0
3346,5717068,55000.0
3347,6361190,28000.0
3348,6716582,4568.37
3349,6641711,5671.08
3350,6215260,18550.0
3351,6643690,2898.55
3352,5711446,15752.99
3353,5094219,17690.0
3354,6361579,7876.5
3355,6716356,5100.0
3356,6641695,1953.37
3357,6291565,3050.0
3358,6549242,5828.61
3359,6526341,8500.0
3360,6736741,3750.0
3361,5149108,4725.9
3362,5506069,4410.84
3363,6280930,1575.3
3364,6381911,11900.0
3365,2929277,8191.56
3366,6640588,8506.62
3367,6736696,9375.0
3368,6282933,3690.0
3369,5570334,1795.84
3370,5842403,5828.61
3371,6390494,2205.42
3372,6643778,9900.0
3373,6367338,25500.0
3374,6736661,18300.0
3375,6634744,7000.0
3376,6323384,3938.25
3377,6641406,3150.6
3378,6503271,2290.0
3379,4895748,20163.83
3380,3593078,24000.0
3381,6736643,10700.0
3382,3868103,10500.0
3383,6348127,3623.19
3384,6004706,2520.48
3385,6322790,6225.0
3386,5855686,2678.01
3387,6526123,22900.0
3388,6205174,2425.96
3389,6458950,2250.0
3390,6347604,2173.91
3391,6286215,3465.66
3392,5625104,3938.25
3393,6752125,4725.9
3394,5923212,10712.04
3395,6736611,2568.0
3396,6733412,4253.31
3397,6348424,3938.25
3398,6641268,5100.0
3399,5444681,4500.0
3400,6752117,4095.78
3401,6526151,18500.0
3402,6736581,8116.0
3403,3724951,29900.0
3404,6363646,4316.32
3405,6641236,5356.02
3406,6499563,3308.13
3407,6752110,2047.89
3408,6743466,7246.38
3409,6736569,3750.0
3410,6733381,6931.32
3411,6363691,2457.47
3412,6640887,10869.57
3413,6410620,2362.95
3414,6303516,4946.44
3415,6453602,25773.0
3416,6736407,9375.0
3417,6519333,12073.0
3418,6370280,1323.25
3419,6419312,1780.09
3420,6166755,2520.48
3421,6751976,2545.0
3422,5991381,7980.0
3423,6736388,4998.0
3424,5475700,2678.01
3425,6370188,2362.95
3426,6274503,5040.96
3427,5841437,6600.0
3428,3339913,15200.0
3429,6525973,22900.0
3430,6736347,2206.0
3431,5918062,2016.38
3432,6370028,3465.66
3433,5472511,4410.84
3434,6494269,5356.02
3435,6751729,2350.0
3436,5351605,21700.0
3437,6129342,6402.0
3438,6514280,18300.0
3439,6369903,1795.84
3440,5022701,11027.1
3441,6166146,3623.19
3442,6751697,4000.0
3443,6640348,3150.6
3444,6736293,6667.0
3445,6200354,12900.0
3446,6370691,8191.56
3447,6638733,2520.48
3448,6164500,2646.5
3449,6209632,9570.0
3450,6205310,27000.0
3451,6736285,3220.0
3452,6446323,2739.0
3453,6370714,6143.67
3454,6279888,5639.57
3455,6491442,2425.96
3456,6452461,1795.84
3457,6276238,26950.0
3458,6736253,3600.0
3459,2894058,43000.0
3460,6370741,2678.01
3461,6636806,5671.08
3462,6491142,3200.0
3463,5991444,7980.0
3464,6097072,31500.0
3465,6736205,1944.0
3466,6661302,3155.0
3467,6716306,5513.55
3468,6247085,4253.31
3469,6042568,2047.57
3470,6751192,36000.0
3471,5451263,2993.07
3472,6736188,2075.0
3473,5906896,23000.0
3474,6510025,1417.77
3475,6636568,2835.54
3476,6490726,3339.63
3477,6750871,3119.09
3478,6522756,5040.96
3479,6736163,2726.0
3480,5923204,9250.0
3481,6715809,4800.0
3482,6274307,12000.0
3483,6490705,7100.0
3484,4974472,4725.9
3485,5520899,22200.0
3486,6736135,2100.0
3487,6537398,3969.75
3488,3555876,9388.78
3489,6274343,1928.17
3490,6489671,5986.14
3491,6750858,3780.72
3492,3911929,4180.6
3493,6735819,2678.01
3494,6630041,5040.96
3495,6709922,4577.0
3496,6634053,1417.77
3497,6489456,2268.43
3498,6750817,3780.72
3499,6738921,4890.0
3500,6735987,6490.0
3501,5968722,2362.95
3502,6709739,4347.83
3503,3997446,3780.72
3504,6489146,5198.49
3505,6750728,10480.0
3506,5669935,90000.0
3507,6735955,8500.0
3508,4886947,3938.25
3509,6709676,7600.0
3510,6633651,16800.0
3511,6488146,8800.0
3512,6750686,17150.0
3513,6451280,36000.0
3514,6735932,3900.0
3515,6355980,3500.0
3516,6709491,4265.0
3517,5789367,10230.0
3518,6488867,3780.72
3519,6750617,5700.0
3520,6525913,31000.0
3521,3155498,26500.0
3522,6359502,5400.0
3523,3550011,2804.03
3524,6628136,2373.0
3525,6488423,4725.9
3526,4771816,11027.1
3527,5441215,2205.42
3528,6735226,7000.0
3529,5710665,22500.0
3530,6709162,33000.0
3531,6551071,2678.01
3532,6488117,4631.38
3533,6642482,8900.0
3534,5436777,9550.0
3535,4842252,9357.28
3536,6432894,3717.71
3537,4795334,2158.16
3538,6627948,4253.31
3539,6488045,5198.49
3540,6750184,7350.0
3541,6525897,11900.0
3542,6289864,2835.54
3543,5714536,9136.74
3544,5613900,5513.55
3545,6515712,12000.0
3546,6488015,13232.51
3547,6290917,19568.0
3548,5436713,6700.0
3549,6519362,2050.0
3550,5546995,15500.0
3551,6272320,2520.48
3552,5884428,1575.3
3553,6487990,4370.0
3554,5788724,3150.6
3555,6452436,2425.96
3556,6361285,19900.0
3557,6360899,13400.0
3558,6626813,5885.0
3559,6706557,23490.0
3560,6487966,3087.59
3561,6749988,19500.0
3562,6024988,6143.67
3563,5442038,8506.62
3564,6734416,6750.0
3565,6619716,2520.48
3566,6705849,18700.0
3567,5582659,8191.56
3568,6749973,9294.27
3569,6205154,2110.9
3570,6353225,4253.31
3571,6039716,3308.13
3572,6619564,4820.42
3573,6705733,36690.0
3574,6134502,6200.0
3575,6749870,28490.0
3576,6535236,24700.0
3577,5294134,10396.98
3578,4753704,2678.01
3579,4738196,2457.47
3580,6705555,11027.1
3581,6476157,15500.0
3582,6749824,28490.0
3583,6142512,16383.11
3584,6463199,4253.31
3585,5969421,6458.73
3586,5267173,4662.89
3587,6705375,18490.0
3588,6166700,4410.84
3589,6749746,22300.0
3590,5445191,40000.0
3591,6103483,3150.6
3592,5710632,44000.0
3593,6133857,5040.96
3594,6641012,0.72
3595,6475000,4725.9
3596,6456719,3938.25
3597,5503142,4095.78
3598,6100802,4095.78
3599,6530519,4253.31
3600,6613736,5671.08
3601,6354849,3200.0
3602,6474977,3087.59
3603,5715399,7876.5
3604,6044704,6700.0
3605,6632343,5356.02
3606,4711288,4253.31
3607,6246715,2678.01
3608,6029956,1732.83
3609,6474937,4410.84
3610,6391604,10500.0
3611,6150606,10490.0
3612,5408844,2599.24
3613,5335842,16000.0
3614,6612686,4253.31
3615,4643485,4284.81
3616,6474913,3465.66
3617,5663151,2646.5
3618,6368355,4900.0
3619,5457227,9451.8
3620,5974919,15600.0
3621,6611448,8116.0
3622,6641071,27790.0
3623,6474574,2993.07
3624,6645548,3938.25
3625,6526044,18990.0
3626,6360921,30000.0
3627,5452739,1732.83
3628,5680654,2110.9
3629,3991580,6200.0
3630,6474019,4095.78
3631,6425753,5143.0
3632,3308191,4095.78
3633,6432655,8750.0
3634,6734150,2993.07
3635,6608645,8905.0
3636,6699107,5040.96
3637,6316573,5513.55
3638,5435611,29000.0
3639,5978641,23500.0
3640,6632550,2362.95
3641,6368772,2362.95
3642,6154658,6100.0
3643,6698816,2804.03
3644,6465973,2650.0
3645,6532629,11610.0
3646,6535271,20000.0
3647,6519598,2930.06
3648,4112448,3530.0
3649,6046673,4410.84
3650,4863233,5040.96
3651,6470531,3777.57
3652,6359052,30000.0
3653,5579140,3812.22
3654,5838199,2898.55
3655,5050621,21900.0
3656,6319189,5200.0
3657,6698654,2100.0
3658,6469989,5040.96
3659,6211093,1701.32
3660,6537900,22300.0
3661,6632425,11000.0
3662,6033077,2741.02
3663,6304487,2095.15
3664,6698621,11000.0
3665,6442724,9360.0
3666,6747983,11900.0
3667,6542276,4050.0
3668,6204781,4550.0
3669,5980466,4605.0
3670,6274475,6931.32
3671,6315982,4379.33
3672,6465934,4410.84
3673,5154428,38000.0
3674,6526000,14200.0
3675,6425678,4820.42
3676,5107272,22000.0
3677,5871232,3938.25
3678,6692868,5671.08
3679,5841656,2930.06
3680,5437610,8979.21
3681,6448504,3150.6
3682,6732931,1984.88
3683,5388423,28700.0
3684,5407645,2266.0
3685,6692780,4095.78
3686,6465796,26900.0
3687,6747591,27000.0
3688,6639497,8900.0
3689,5978838,30800.0
3690,5771549,7561.44
3691,5819670,2434.0
3692,6418843,18903.59
3693,6465343,2835.54
3694,6747559,13500.0
3695,3353547,17150.0
3696,6624529,8500.0
3697,5776113,1575.3
3698,6592999,4568.37
3699,6657837,10800.0
3700,6354210,1417.77
3701,6747156,4419.0
3702,6537363,3600.0
3703,6045712,4650.0
3704,3170405,23000.0
3705,5945298,27500.0
3706,6385626,2362.95
3707,6104046,3780.72
3708,6747145,9451.8
3709,5542079,5986.14
3710,6732862,5356.02
3711,5716837,28900.0
3712,6588796,6800.0
3713,5461254,2583.49
3714,4743852,4032.77
3715,6746999,5356.02
3716,6541830,16900.0
3717,6632517,1260.24
3718,4936161,4410.84
3719,6588720,3489.2
3720,6692328,
3721,6080373,6950.0
3722,6644422,4883.43
3723,2832783,12900.0
3724,5710751,2672.0
3725,5714656,17950.0
3726,6588424,6200.0
3727,6691867,26000.0
3728,5052924,2488.97
3729,6746821,4000.0
3730,6526223,25500.0
3731,5981188,3875.24
3732,5496321,17990.0
3733,6370399,5510.4
3734,6691060,4095.78
3735,5857969,4568.37
3736,5496004,2520.48
3737,5002732,4725.9
3738,2658528,44000.0
3739,6290892,4253.31
3740,3166902,6773.79
3741,6690624,1.56
3742,5453944,2993.07
3743,6328016,14490.0
3744,5848581,9166.0
3745,6367812,14900.0
3746,3725098,32600.0
3747,3604008,2362.95
3748,6690328,27800.0
3749,5689112,2835.54
3750,6746702,14750.0
3751,4961157,7876.5
3752,6632001,4253.31
3753,6446939,8979.21
3754,5045743,3780.72
3755,6068165,6301.2
3756,6452928,3623.19
3757,6746675,2678.01
3758,6295301,5500.0
3759,2994168,16000.0
3760,6537435,3056.08
3761,5986792,6500.0
3762,6689342,6810.0
3763,6118199,2520.48
3764,6536579,9873.35
3765,5788722,2520.48
3766,6518849,2205.42
3767,1370186,20995.0
3768,6454947,12600.0
3769,6689255,1732.83
3770,6370560,4450.0
3771,6746292,5040.96
3772,4812917,28621.0
3773,5714065,13400.0
3774,3429349,18000.0
3775,3579858,1260.24
3776,6273225,4568.37
3777,5110566,14100.0
3778,6745408,3990.0
3779,6525881,18000.0
3780,6516769,2690.0
3781,5840452,7530.0
3782,5950318,2740.71
3783,6688821,2047.89
3784,5553519,9451.8
3785,6745296,21500.0
3786,6199683,11700.0
3787,6523616,25900.0
3788,5844936,3465.66
3789,5950356,2107.75
3790,6279663,4221.8
3791,6448807,1890.36
3792,4812981,3465.66
3793,6380419,1732.83
3794,6628359,19900.0
3795,5491521,3938.25
3796,6280827,4568.37
3797,5415777,3570.0
3798,4990001,2615.0
3799,6745174,22950.0
3800,5437171,6700.0
3801,6632103,12287.33
3802,5832266,7876.5
3803,6564148,8700.0
3804,4658757,4750.0
3805,6100771,65000.0
3806,5351609,38990.0
3807,5784732,13500.0
3808,6632667,3460.0
3809,4857772,10239.45
3810,5928715,2110.9
3811,6685083,5700.0
3812,6326166,8550.0
3813,5922213,1890.36
3814,5440263,21500.0
3815,6629066,2370.0
3816,6541886,7876.5
3817,6383759,2457.47
3818,6685052,2678.01
3819,6443359,4161.0
3820,2994325,250000000.0
3821,6587650,24700.0
3822,6628881,50000.0
3823,6558629,4278.0
3824,6571170,3800.0
3825,6685024,4505.36
3826,6442375,19500.0
3827,5335034,2500.0
3828,6366723,14550.0
3829,6632613,2047.89
3830,6550244,4347.83
3831,6570798,7876.5
3832,5287599,2678.01
3833,4954665,3938.25
3834,6373663,3087.59
3835,6743011,4733.0
3836,6519464,9000.0
3837,6550137,2362.95
3838,6570755,2835.54
3839,5871894,4326.0
3840,6042762,4500.0
3841,6343298,22500.0
3842,6742952,10003.15
3843,6629236,20200.0
3844,6515891,2362.95
3845,5893674,1890.36
3846,5976899,4095.78
3847,6091528,13700.0
3848,6745001,2126.65
3849,6742857,24200.0
3850,5714665,10200.0
3851,6466881,2583.49
3852,4935214,15300.0
3853,6683212,4410.84
3854,6182128,4500.0
3855,5785989,1260.24
3856,6527249,12747.0
3857,6361227,11700.0
3858,6461716,4725.9
3859,6354366,1827.35
3860,4702416,2362.92
3861,6337253,3780.72
3862,6744920,5671.08
3863,6521727,6143.67
3864,6279374,17950.0
3865,6446659,4410.84
3866,6567112,3969.75
3867,6682915,1512.29
3868,6431402,2205.42
3869,5503134,12000.0
3870,6742082,10815.36
3871,6128356,3570.0
3872,4909769,10300.0
3873,5704094,2268.43
3874,6682443,2457.47
3875,6431360,3623.19
3876,6744849,8821.68
3877,6742017,4725.9
3878,6629443,10900.0
3879,5556886,11790.0
3880,6171167,14500.0
3881,6682359,2457.47
3882,6121795,18000.0
3883,6744825,2410.21
3884,5335621,8440.0
3885,6525535,3465.66
3886,6290900,1937.62
3887,3524579,2047.89
3888,6675761,2678.01
3889,4977833,5280.0
3890,5154571,28900.0
3891,6741918,7260.0
3892,6275457,3900.0
3893,6598769,15500.0
3894,6167225,2772.53
3895,5085135,6850.0
3896,4977857,5280.0
3897,6526651,4990.0
3898,5983041,4150.0
3899,6528151,4110.0
3900,6541133,2520.48
3901,5712648,11981.0
3902,6177864,19700.0
3903,5776253,18200.0
3904,6744681,2700.0
3905,6290250,21500.0
3906,6434010,4883.43
3907,2604942,11972.27
3908,6559843,2520.48
3909,6674961,2142.41
3910,4977879,10560.0
3911,6066195,23500.0
3912,6741154,11000.0
3913,6518119,2362.95
3914,6446466,11000.0
3915,6559785,4568.37
3916,6067888,4190.3
3917,6032811,105000.0
3918,6639082,6238.19
3919,5779127,8191.56
3920,6632308,3308.13
3921,3178358,29900.0
3922,6559397,2520.48
3923,6469697,4550.0
3924,5314376,16000.0
3925,5002695,3560.18
3926,6739405,25000.0
3927,6429443,6303.0
3928,6335749,4500.0
3929,5062073,2300.0
3930,6674467,3780.72
3931,6186867,9998.0
3932,5437457,16900.0
3933,6739372,2930.06
3934,6632074,5040.96
3935,5978643,19500.0
3936,6551288,1764.34
3937,6674433,2786.0
3938,5786282,5324.0
3939,6150638,33850.0
3940,5387181,4725.9
3941,6250335,1408.32
3942,5432619,1890.36
3943,6427896,2205.42
3944,5972915,2741.02
3945,6290737,14500.0
3946,5367313,2362.95
3947,6352986,18000.0
3948,6542860,2047.89
3949,5878040,4001.26
3950,4718079,5671.08
3951,6639479,9000.0
3952,5716003,10500.0
3953,5923088,2457.47
3954,5717313,2898.55
3955,6317402,4883.43
3956,6668269,2095.15
3957,6292810,35000.0
3958,6542228,1701.32
3959,6628763,2457.47
3960,6445493,3150.6
3961,6546984,1291.75
3962,5337141,3780.72
3963,6308509,9827.0
3964,5334757,18000.0
3965,6630333,4100.0
3966,6448352,3200.0
3967,6546764,7246.38
3968,6593454,2079.4
3969,5084300,14177.69
3970,6488629,7700.0
3971,6730693,5040.96
3972,6629819,27900.0
3973,5062424,2835.54
3974,6667138,22990.0
3975,6744403,0.65
3976,5207841,20500.0
3977,5085566,4253.31
3978,5174745,3465.66
3979,6546662,1512.29
3980,6667078,2678.01
3981,5346559,23000.0
3982,5922361,29799.0
3983,6730435,5671.08
3984,5149223,4000.0
3985,4720962,1732.83
3986,6183980,2835.54
3987,6541001,11342.16
3988,5393727,12000.0
3989,6717275,17500.0
3990,6537465,2804.03
3991,5903897,4725.9
3992,6664270,4725.9
3993,6488636,4500.0
3994,6739085,1669.82
3995,6716016,2630.75
3996,5449193,2678.01
3997,3981213,2993.07
3998,6260597,4410.84
3999,6637858,2290.0
4000,6739078,5198.49
4001,6730264,8979.21
4002,5969297,19300.0
4003,6543092,5671.08
4004,6004371,5040.96
4005,6526101,18000.0
4006,6031520,12450.0
4007,6037624,6301.2
4008,5714434,2772.53
4009,6418802,35000.0
4010,6661022,26000.0
4011,6640254,5040.96
4012,6739011,6206.68
4013,6348182,9250.0
4014,6139731,17500.0
4015,6516582,2520.48
4016,6660964,1.01
